punt_lectura_critica,punt_matematicas,punt_ingles,estrato,alto_rendimiento
54,65,55.0,2.0,0
57,43,33.0,3.0,0
59,72,59.0,1.0,1
37,48,43.0,5.0,0
49,68,65.0,3.0,1
64,57,73.0,3.0,1
45,47,49.0,2.0,0
43,45,36.0,1.0,0
55,58,46.0,2.0,1
64,70,54.0,2.0,1
64,67,76.0,6.0,1
55,34,45.0,3.0,0
59,67,53.0,3.0,1
54,53,60.0,3.0,0
57,56,68.0,4.0,1
47,56,39.0,3.0,0
70,74,78.0,3.0,1
66,53,40.0,3.0,1
43,37,44.0,2.0,0
50,44,35.0,3.0,0
66,55,60.0,2.0,1
57,60,38.0,2.0,1
52,56,54.0,2.0,1
43,50,34.0,1.0,0
60,58,41.0,1.0,1
45,52,52.0,4.0,0
50,50,43.0,1.0,0
47,27,39.0,1.0,0
38,20,48.0,3.0,0
59,75,48.0,1.0,1
36,42,42.0,3.0,0
48,51,39.0,1.0,0
47,44,57.0,3.0,0
36,32,64.0,1.0,0
57,50,42.0,1.0,1
38,39,37.0,2.0,0
35,31,39.0,5.0,0
55,51,46.0,2.0,1
37,51,48.0,2.0,0
59,67,57.0,4.0,1
42,39,43.0,1.0,0
38,43,36.0,2.0,0
44,52,43.0,2.0,0
54,35,35.0,1.0,0
30,27,40.0,2.0,0
33,25,38.0,1.0,0
57,56,41.0,2.0,1
56,44,57.0,5.0,1
57,49,53.0,1.0,1
58,52,45.0,3.0,1
51,53,46.0,4.0,0
48,60,35.0,4.0,0
67,65,80.0,3.0,1
43,50,41.0,1.0,0
35,51,45.0,4.0,0
52,53,34.0,3.0,0
40,40,31.0,4.0,0
64,67,66.0,4.0,1
53,62,49.0,3.0,1
62,68,47.0,2.0,1
64,52,57.0,3.0,1
56,60,49.0,2.0,1
57,56,41.0,2.0,1
59,62,52.0,2.0,1
43,60,39.0,2.0,0
41,50,36.0,3.0,0
47,42,43.0,2.0,0
50,45,44.0,3.0,0
61,59,44.0,2.0,1
50,49,55.0,1.0,1
56,67,75.0,4.0,1
58,69,54.0,1.0,1
62,52,67.0,4.0,1
56,54,50.0,2.0,1
41,38,45.0,2.0,0
56,60,42.0,2.0,1
56,52,39.0,1.0,1
46,41,33.0,2.0,0
61,37,47.0,1.0,1
54,57,35.0,1.0,0
56,53,31.0,1.0,0
35,31,47.0,3.0,0
42,40,40.0,2.0,0
44,46,40.0,1.0,0
47,48,38.0,1.0,0
49,40,30.0,1.0,0
43,45,48.0,2.0,0
57,48,30.0,1.0,0
59,69,69.0,6.0,1
68,76,74.0,4.0,1
78,74,75.0,3.0,1
41,38,36.0,1.0,0
46,47,55.0,1.0,0
41,34,37.0,4.0,0
44,46,43.0,1.0,0
39,36,43.0,1.0,0
72,74,76.0,2.0,1
46,31,30.0,2.0,0
51,44,60.0,3.0,0
72,64,65.0,1.0,1
47,32,40.0,1.0,0
57,66,56.0,1.0,1
43,45,39.0,3.0,0
64,64,71.0,2.0,1
54,50,49.0,4.0,0
58,65,68.0,5.0,1
78,71,79.0,5.0,1
56,49,43.0,5.0,1
52,42,42.0,1.0,0
39,23,33.0,4.0,0
44,40,41.0,3.0,0
53,32,40.0,2.0,0
53,60,53.0,4.0,1
42,40,47.0,1.0,0
40,40,32.0,1.0,0
49,40,43.0,3.0,0
52,58,58.0,2.0,1
67,67,65.0,3.0,1
37,38,36.0,2.0,0
46,40,40.0,2.0,0
65,69,68.0,4.0,1
55,56,59.0,4.0,1
69,57,81.0,6.0,1
46,30,39.0,3.0,0
46,61,53.0,4.0,1
66,65,75.0,5.0,1
56,45,61.0,5.0,0
60,75,100.0,4.0,1
68,70,100.0,6.0,1
75,72,79.0,4.0,1
41,38,44.0,1.0,0
54,58,70.0,6.0,1
54,63,53.0,2.0,1
51,42,43.0,2.0,0
63,70,56.0,2.0,1
59,69,75.0,4.0,1
44,40,44.0,2.0,0
51,41,49.0,2.0,0
61,67,63.0,3.0,1
65,66,75.0,6.0,1
34,31,41.0,1.0,0
61,59,53.0,1.0,1
36,39,45.0,2.0,0
44,41,33.0,2.0,0
43,36,46.0,2.0,0
44,35,33.0,1.0,0
65,43,65.0,1.0,1
63,63,48.0,1.0,1
57,45,37.0,2.0,1
62,54,52.0,3.0,1
49,37,45.0,1.0,0
45,51,53.0,2.0,0
49,56,45.0,2.0,0
34,28,33.0,2.0,0
55,38,31.0,2.0,0
76,79,75.0,2.0,1
62,52,43.0,1.0,1
47,51,35.0,2.0,0
59,54,60.0,2.0,1
54,59,48.0,2.0,1
59,76,71.0,2.0,1
50,53,55.0,3.0,0
36,41,38.0,3.0,0
52,49,33.0,2.0,0
40,38,50.0,2.0,0
36,33,35.0,3.0,0
37,31,50.0,3.0,0
41,42,44.0,5.0,0
58,47,43.0,3.0,1
46,31,34.0,2.0,0
52,53,54.0,1.0,1
42,28,39.0,2.0,0
39,44,43.0,2.0,0
35,37,38.0,3.0,0
51,37,40.0,3.0,0
34,36,37.0,2.0,0
42,44,47.0,3.0,0
44,44,32.0,3.0,0
35,44,46.0,2.0,0
38,34,34.0,4.0,0
52,54,44.0,4.0,1
45,39,42.0,4.0,0
57,51,46.0,1.0,1
52,46,50.0,2.0,1
57,60,45.0,2.0,1
61,57,45.0,1.0,1
55,56,45.0,1.0,1
40,39,38.0,2.0,0
69,73,58.0,3.0,1
66,57,52.0,3.0,1
42,59,48.0,3.0,0
77,70,76.0,5.0,1
58,61,45.0,1.0,1
36,36,38.0,1.0,0
52,49,45.0,1.0,1
52,43,42.0,1.0,0
50,30,36.0,1.0,0
51,54,42.0,3.0,1
45,29,44.0,1.0,0
51,44,45.0,1.0,0
54,57,53.0,3.0,1
39,43,40.0,3.0,0
44,36,45.0,2.0,0
40,43,50.0,3.0,0
49,47,38.0,2.0,0
54,45,55.0,3.0,1
53,63,48.0,2.0,1
37,38,31.0,1.0,0
49,47,47.0,2.0,0
50,40,31.0,2.0,0
59,54,47.0,3.0,1
58,56,46.0,2.0,1
34,52,47.0,2.0,0
53,52,53.0,2.0,1
44,43,29.0,4.0,0
47,44,42.0,3.0,0
38,39,35.0,3.0,0
53,43,36.0,1.0,0
33,30,46.0,5.0,0
41,34,34.0,2.0,0
48,58,34.0,2.0,0
57,44,39.0,1.0,0
32,39,36.0,1.0,0
41,57,38.0,2.0,0
53,49,33.0,1.0,0
44,32,32.0,2.0,0
42,52,39.0,1.0,0
50,39,50.0,2.0,0
38,43,50.0,2.0,0
39,23,40.0,4.0,0
55,49,38.0,3.0,0
54,57,48.0,2.0,1
53,43,41.0,2.0,0
57,59,67.0,2.0,1
56,46,51.0,1.0,0
36,28,38.0,6.0,0
52,49,45.0,3.0,0
64,69,64.0,2.0,1
56,71,49.0,3.0,1
53,61,47.0,2.0,1
59,50,34.0,1.0,0
55,49,53.0,3.0,0
66,63,74.0,4.0,1
43,35,36.0,1.0,0
41,39,36.0,2.0,0
53,43,39.0,2.0,0
45,46,30.0,6.0,0
37,34,33.0,1.0,0
57,45,49.0,3.0,1
33,34,44.0,3.0,0
56,48,30.0,1.0,0
51,42,43.0,2.0,0
54,45,42.0,2.0,1
54,52,57.0,3.0,1
58,61,51.0,3.0,1
49,58,53.0,1.0,0
41,60,53.0,2.0,0
38,45,39.0,1.0,0
58,51,50.0,3.0,1
54,63,39.0,3.0,1
46,58,53.0,4.0,1
60,52,43.0,1.0,1
60,58,67.0,2.0,1
46,42,34.0,1.0,0
54,44,41.0,3.0,0
35,51,38.0,1.0,0
57,51,29.0,4.0,0
36,42,37.0,1.0,0
57,41,31.0,1.0,0
41,41,44.0,2.0,0
41,47,55.0,1.0,0
48,63,40.0,2.0,0
52,50,44.0,4.0,0
53,53,41.0,1.0,0
50,52,36.0,3.0,0
50,48,30.0,1.0,0
63,51,39.0,1.0,1
50,55,33.0,2.0,0
60,35,54.0,2.0,0
37,23,36.0,5.0,0
31,28,32.0,4.0,0
57,48,51.0,1.0,1
47,47,41.0,2.0,0
38,35,41.0,2.0,0
62,64,43.0,1.0,1
42,32,33.0,3.0,0
40,61,74.0,5.0,0
56,40,62.0,4.0,0
48,53,52.0,6.0,1
48,42,46.0,1.0,0
38,42,36.0,3.0,0
62,51,81.0,3.0,1
61,63,48.0,3.0,1
45,41,41.0,2.0,0
52,40,45.0,2.0,0
51,66,50.0,3.0,1
56,60,65.0,2.0,1
45,40,42.0,1.0,0
53,43,35.0,1.0,0
56,57,51.0,2.0,1
43,48,50.0,1.0,1
30,24,36.0,1.0,0
57,48,48.0,2.0,1
34,45,35.0,1.0,0
60,65,60.0,1.0,1
43,44,43.0,1.0,0
47,36,44.0,4.0,0
61,65,59.0,2.0,1
66,64,47.0,2.0,1
48,44,38.0,2.0,0
51,60,41.0,1.0,0
48,65,50.0,2.0,1
66,59,51.0,1.0,1
57,58,52.0,2.0,1
42,38,37.0,1.0,0
54,58,48.0,2.0,1
42,42,37.0,2.0,0
51,47,46.0,1.0,0
67,70,54.0,2.0,1
55,60,53.0,1.0,1
54,43,76.0,3.0,1
57,60,62.0,4.0,1
54,57,39.0,3.0,1
49,44,50.0,1.0,0
53,53,41.0,2.0,0
41,39,33.0,2.0,0
57,47,56.0,3.0,0
59,56,53.0,1.0,1
49,46,40.0,2.0,0
63,58,51.0,2.0,1
59,59,57.0,1.0,1
63,42,52.0,2.0,1
40,44,45.0,3.0,0
46,35,45.0,2.0,0
49,55,51.0,2.0,1
44,64,54.0,4.0,0
33,40,40.0,1.0,0
48,46,45.0,2.0,0
63,33,42.0,1.0,0
57,41,54.0,3.0,1
42,48,43.0,6.0,0
59,50,56.0,4.0,1
39,60,56.0,1.0,1
59,60,50.0,1.0,1
60,50,45.0,2.0,0
49,50,40.0,3.0,1
41,55,31.0,2.0,0
47,59,47.0,1.0,1
61,63,63.0,2.0,1
52,50,41.0,2.0,0
71,78,68.0,2.0,1
58,50,59.0,3.0,1
41,44,36.0,3.0,0
56,48,47.0,3.0,1
51,49,51.0,3.0,0
56,51,73.0,4.0,1
73,61,75.0,4.0,1
51,58,49.0,5.0,1
51,54,49.0,3.0,0
54,36,50.0,2.0,0
56,59,60.0,3.0,1
35,38,45.0,1.0,0
49,45,47.0,2.0,0
51,43,42.0,1.0,0
51,56,45.0,2.0,0
55,71,47.0,1.0,1
51,54,52.0,2.0,0
52,46,37.0,1.0,0
59,51,47.0,3.0,1
60,57,67.0,3.0,1
47,38,33.0,2.0,0
62,59,57.0,4.0,1
43,39,47.0,3.0,0
46,39,42.0,1.0,0
52,39,44.0,4.0,0
60,62,53.0,2.0,1
49,49,44.0,2.0,0
38,29,35.0,1.0,0
63,46,60.0,1.0,1
55,56,46.0,2.0,0
59,74,40.0,1.0,1
68,66,44.0,3.0,1
59,55,53.0,2.0,1
71,68,61.0,4.0,1
56,45,51.0,1.0,1
43,42,32.0,2.0,0
48,51,47.0,1.0,0
46,38,71.0,4.0,0
57,60,55.0,1.0,1
47,54,39.0,2.0,0
65,67,65.0,1.0,1
60,49,46.0,2.0,1
47,46,34.0,3.0,0
60,38,57.0,5.0,0
53,36,33.0,2.0,0
50,59,57.0,4.0,1
56,52,52.0,6.0,1
60,62,41.0,2.0,1
38,36,45.0,1.0,0
61,65,60.0,2.0,1
34,31,43.0,2.0,0
48,44,56.0,3.0,0
33,28,35.0,4.0,0
52,58,59.0,1.0,1
65,54,41.0,1.0,1
60,52,55.0,2.0,1
47,39,50.0,3.0,0
56,53,46.0,3.0,1
53,32,31.0,3.0,0
50,43,41.0,1.0,0
33,24,40.0,1.0,0
67,71,51.0,3.0,1
51,46,46.0,2.0,0
45,56,30.0,1.0,0
41,32,30.0,1.0,0
47,48,43.0,2.0,0
65,46,51.0,3.0,1
53,53,48.0,2.0,1
55,46,39.0,3.0,1
54,45,41.0,2.0,0
50,46,40.0,1.0,1
70,66,40.0,2.0,1
41,45,53.0,2.0,0
59,64,68.0,1.0,1
40,45,41.0,4.0,0
50,40,55.0,2.0,0
45,42,38.0,1.0,0
52,29,42.0,1.0,0
54,48,46.0,1.0,1
59,56,66.0,2.0,1
68,55,45.0,1.0,1
48,32,45.0,1.0,0
35,38,36.0,1.0,0
63,51,45.0,1.0,1
38,45,36.0,2.0,0
59,71,40.0,3.0,1
40,47,36.0,3.0,0
45,57,43.0,1.0,0
62,58,57.0,3.0,1
55,42,52.0,1.0,0
60,61,36.0,3.0,1
42,42,48.0,1.0,0
44,49,37.0,2.0,0
62,57,47.0,1.0,1
62,51,52.0,2.0,1
64,60,46.0,2.0,1
54,61,37.0,1.0,1
44,37,60.0,1.0,0
59,63,48.0,1.0,1
59,50,44.0,2.0,1
48,44,38.0,3.0,0
34,31,46.0,1.0,0
62,61,42.0,2.0,1
56,60,49.0,3.0,1
50,39,44.0,3.0,0
47,50,47.0,3.0,0
44,31,30.0,1.0,0
47,46,47.0,2.0,0
34,41,44.0,4.0,0
36,31,48.0,1.0,0
50,58,42.0,3.0,1
73,63,70.0,2.0,1
52,46,44.0,2.0,0
32,33,39.0,4.0,0
53,51,46.0,2.0,1
29,35,41.0,2.0,0
56,42,42.0,3.0,0
68,63,61.0,4.0,1
57,54,49.0,3.0,1
54,54,51.0,3.0,1
61,59,50.0,3.0,1
52,45,33.0,3.0,0
45,64,37.0,1.0,0
59,60,40.0,3.0,1
48,41,42.0,3.0,0
52,58,42.0,3.0,1
57,45,49.0,3.0,1
58,54,52.0,3.0,1
48,55,44.0,1.0,1
44,42,40.0,2.0,0
50,43,46.0,1.0,0
56,64,68.0,3.0,1
39,40,53.0,2.0,0
60,56,39.0,2.0,1
50,46,40.0,2.0,0
68,72,50.0,3.0,1
53,44,42.0,3.0,1
53,44,44.0,4.0,0
43,49,31.0,2.0,0
54,51,45.0,1.0,1
55,54,49.0,1.0,1
42,41,39.0,2.0,0
61,65,70.0,3.0,1
60,66,39.0,3.0,1
37,48,35.0,1.0,0
53,56,52.0,3.0,1
42,40,46.0,2.0,0
62,68,54.0,3.0,1
55,69,50.0,1.0,1
61,47,54.0,2.0,1
57,59,52.0,2.0,1
64,74,78.0,4.0,1
57,52,45.0,2.0,0
47,42,49.0,3.0,0
43,38,37.0,1.0,0
70,52,63.0,2.0,1
40,45,41.0,1.0,0
57,45,63.0,1.0,1
46,45,59.0,1.0,1
56,45,45.0,2.0,0
35,29,40.0,2.0,0
44,51,41.0,1.0,0
65,55,59.0,3.0,1
52,41,52.0,2.0,0
55,60,45.0,1.0,1
57,43,42.0,2.0,1
49,47,41.0,1.0,0
44,43,38.0,5.0,0
46,58,48.0,2.0,0
56,63,35.0,3.0,1
48,40,42.0,2.0,0
47,46,56.0,1.0,1
59,49,39.0,2.0,1
42,48,48.0,1.0,0
66,68,69.0,2.0,1
58,58,47.0,1.0,1
54,48,45.0,1.0,1
55,50,42.0,3.0,0
45,56,62.0,4.0,0
59,58,54.0,2.0,1
51,65,69.0,4.0,1
60,44,59.0,3.0,0
54,66,74.0,2.0,1
49,38,48.0,2.0,0
44,39,43.0,1.0,0
48,47,40.0,2.0,0
55,57,58.0,4.0,0
45,51,37.0,1.0,0
34,36,35.0,5.0,0
46,55,52.0,1.0,1
44,33,38.0,1.0,0
49,45,39.0,3.0,0
41,49,45.0,5.0,0
48,50,42.0,3.0,0
52,50,63.0,1.0,1
68,74,58.0,3.0,1
55,60,49.0,4.0,1
58,52,65.0,2.0,1
51,56,41.0,4.0,1
56,72,67.0,2.0,1
43,35,33.0,3.0,0
36,35,38.0,3.0,0
65,53,38.0,3.0,1
55,43,36.0,2.0,0
50,50,45.0,1.0,1
47,42,43.0,2.0,0
56,61,61.0,3.0,1
70,59,45.0,1.0,1
48,54,53.0,1.0,1
43,45,52.0,2.0,0
57,50,57.0,2.0,1
42,55,46.0,3.0,0
42,52,50.0,4.0,0
61,65,49.0,2.0,1
48,52,49.0,2.0,0
40,29,39.0,2.0,0
51,56,50.0,2.0,1
52,54,44.0,1.0,1
40,44,40.0,1.0,0
47,52,45.0,1.0,0
39,36,49.0,3.0,0
31,36,32.0,1.0,0
58,71,56.0,3.0,1
48,42,41.0,2.0,0
36,29,37.0,1.0,0
56,45,43.0,2.0,1
31,37,41.0,1.0,0
64,63,69.0,3.0,1
61,55,40.0,3.0,1
55,47,41.0,2.0,0
51,53,41.0,4.0,0
56,43,74.0,3.0,1
57,49,52.0,2.0,1
41,52,48.0,1.0,0
38,37,29.0,2.0,0
58,45,45.0,2.0,1
44,44,42.0,3.0,0
62,53,52.0,2.0,1
40,35,37.0,1.0,0
47,57,34.0,1.0,0
47,55,36.0,3.0,0
54,55,43.0,3.0,0
57,54,37.0,1.0,1
40,39,39.0,1.0,0
60,59,70.0,3.0,1
52,36,41.0,2.0,0
39,26,43.0,1.0,0
38,33,29.0,1.0,0
61,61,51.0,2.0,1
52,53,58.0,3.0,0
55,48,83.0,3.0,1
48,44,38.0,3.0,0
50,43,55.0,3.0,0
47,53,54.0,2.0,0
54,55,43.0,2.0,0
54,49,41.0,3.0,0
63,55,49.0,1.0,1
36,40,36.0,2.0,0
57,59,43.0,2.0,1
38,39,33.0,5.0,0
35,36,35.0,6.0,0
36,39,41.0,3.0,0
58,57,61.0,2.0,1
58,52,63.0,2.0,1
53,53,52.0,3.0,1
61,55,36.0,3.0,1
54,59,34.0,4.0,1
64,73,78.0,3.0,1
56,50,44.0,2.0,1
41,29,48.0,1.0,0
67,66,82.0,5.0,1
58,64,53.0,6.0,1
52,42,35.0,3.0,0
46,46,47.0,3.0,0
47,55,37.0,3.0,0
42,47,44.0,2.0,0
52,54,53.0,2.0,1
66,56,54.0,3.0,1
58,57,43.0,2.0,1
54,48,44.0,3.0,1
49,43,41.0,2.0,0
60,56,61.0,3.0,1
53,55,53.0,3.0,1
58,52,47.0,3.0,1
60,60,53.0,2.0,1
58,60,53.0,2.0,1
58,55,46.0,3.0,1
32,32,32.0,2.0,0
39,33,38.0,1.0,0
52,62,66.0,2.0,1
55,48,47.0,1.0,0
52,50,48.0,3.0,0
58,57,47.0,3.0,1
54,57,49.0,5.0,1
55,51,39.0,3.0,0
45,41,56.0,2.0,0
50,43,38.0,2.0,0
44,41,50.0,3.0,0
48,40,42.0,3.0,0
58,52,41.0,1.0,0
55,37,47.0,1.0,0
66,63,46.0,1.0,1
35,27,36.0,2.0,0
47,52,48.0,1.0,0
41,52,42.0,1.0,0
69,58,54.0,1.0,1
58,58,48.0,2.0,1
45,48,68.0,5.0,0
37,41,42.0,3.0,0
65,59,87.0,3.0,1
76,75,76.0,6.0,1
66,65,69.0,5.0,1
63,58,81.0,6.0,1
55,62,51.0,3.0,1
67,56,76.0,6.0,1
55,46,44.0,1.0,1
61,59,51.0,3.0,1
41,38,37.0,2.0,0
65,52,48.0,1.0,1
46,42,46.0,2.0,0
46,37,43.0,1.0,0
55,58,43.0,2.0,1
63,52,52.0,1.0,1
72,76,63.0,2.0,1
50,51,44.0,2.0,1
41,43,43.0,1.0,0
42,38,38.0,3.0,0
56,66,67.0,2.0,1
71,80,74.0,3.0,1
59,47,47.0,2.0,1
40,45,34.0,4.0,0
69,100,100.0,4.0,1
49,41,54.0,3.0,0
49,53,43.0,3.0,0
39,51,40.0,3.0,0
57,52,43.0,3.0,1
48,56,56.0,3.0,1
48,40,47.0,1.0,0
44,45,52.0,4.0,0
54,47,42.0,2.0,0
66,61,74.0,3.0,1
45,50,33.0,3.0,0
52,51,46.0,2.0,1
63,61,53.0,3.0,1
45,52,50.0,4.0,0
53,56,37.0,2.0,0
75,61,64.0,3.0,1
58,53,40.0,1.0,1
54,42,54.0,3.0,0
64,57,51.0,1.0,1
55,47,50.0,2.0,1
59,47,47.0,1.0,1
46,47,46.0,3.0,0
41,34,36.0,4.0,0
33,36,38.0,2.0,0
38,41,51.0,1.0,0
50,53,43.0,6.0,0
53,52,56.0,1.0,1
39,40,46.0,1.0,0
59,56,53.0,1.0,1
61,49,47.0,2.0,1
29,31,38.0,1.0,0
44,33,39.0,1.0,0
75,58,60.0,2.0,1
66,58,72.0,5.0,1
67,61,69.0,2.0,1
61,69,46.0,1.0,1
41,26,45.0,2.0,0
54,49,60.0,1.0,1
58,52,53.0,1.0,1
53,42,0.0,2.0,0
40,26,45.0,2.0,0
55,42,42.0,1.0,0
42,52,38.0,6.0,0
57,54,68.0,2.0,1
39,34,39.0,3.0,0
36,35,42.0,3.0,0
36,46,51.0,3.0,0
66,71,67.0,1.0,1
67,64,51.0,2.0,1
61,58,60.0,2.0,1
36,33,36.0,1.0,0
39,34,39.0,2.0,0
55,53,41.0,2.0,1
57,60,47.0,1.0,1
46,41,33.0,3.0,0
66,64,42.0,3.0,1
42,48,36.0,1.0,0
49,54,44.0,3.0,1
48,57,43.0,1.0,1
63,62,47.0,2.0,1
56,51,46.0,3.0,1
42,37,34.0,1.0,0
61,53,57.0,1.0,1
45,57,44.0,1.0,0
52,63,49.0,2.0,0
65,46,73.0,4.0,1
70,79,65.0,4.0,1
51,59,62.0,2.0,1
40,52,44.0,2.0,0
55,46,50.0,2.0,0
55,47,73.0,2.0,1
53,52,0.0,1.0,0
66,61,54.0,2.0,1
41,33,45.0,4.0,0
36,27,33.0,1.0,0
50,47,34.0,1.0,0
49,47,35.0,4.0,0
35,33,34.0,2.0,0
45,58,43.0,2.0,1
52,29,44.0,3.0,0
53,51,67.0,1.0,1
54,46,39.0,2.0,0
57,67,77.0,2.0,1
57,60,55.0,3.0,1
67,71,69.0,3.0,1
50,61,32.0,2.0,1
43,38,37.0,2.0,0
58,68,70.0,2.0,1
44,35,42.0,1.0,0
63,73,77.0,2.0,1
50,52,36.0,3.0,0
67,79,76.0,2.0,1
45,43,62.0,3.0,0
65,72,67.0,3.0,1
57,70,57.0,1.0,1
50,38,35.0,2.0,0
74,61,59.0,3.0,1
62,59,54.0,1.0,1
49,39,50.0,1.0,0
37,42,33.0,2.0,0
62,51,48.0,1.0,1
52,62,53.0,2.0,1
60,60,52.0,3.0,1
69,59,76.0,3.0,1
75,69,100.0,5.0,1
68,61,69.0,2.0,1
50,55,66.0,2.0,1
51,38,48.0,2.0,0
56,58,58.0,2.0,1
52,50,49.0,2.0,1
43,45,33.0,2.0,0
33,26,39.0,2.0,0
76,70,78.0,4.0,1
55,51,48.0,2.0,1
49,54,33.0,4.0,0
55,61,43.0,2.0,1
49,36,39.0,2.0,0
60,44,49.0,1.0,1
62,51,43.0,1.0,1
48,48,48.0,3.0,0
53,44,71.0,4.0,0
37,37,35.0,2.0,0
59,68,54.0,1.0,1
48,46,38.0,2.0,0
67,63,65.0,2.0,1
44,47,39.0,2.0,0
34,38,32.0,4.0,0
39,47,36.0,1.0,0
39,41,48.0,3.0,0
48,37,30.0,2.0,0
46,33,31.0,3.0,0
56,64,41.0,1.0,1
50,31,39.0,1.0,0
39,40,43.0,1.0,0
40,34,39.0,1.0,0
36,32,45.0,1.0,0
59,68,51.0,1.0,1
57,55,65.0,1.0,1
73,71,76.0,4.0,1
55,39,40.0,2.0,0
54,52,45.0,1.0,1
44,37,36.0,1.0,0
37,36,33.0,5.0,0
53,53,52.0,1.0,1
58,48,50.0,2.0,1
33,39,33.0,1.0,0
54,55,47.0,3.0,1
52,53,46.0,3.0,1
60,65,49.0,2.0,1
61,56,41.0,1.0,1
60,56,40.0,2.0,1
70,68,58.0,1.0,1
45,39,43.0,1.0,0
53,59,51.0,3.0,1
55,49,41.0,2.0,1
49,53,39.0,1.0,0
48,45,46.0,6.0,0
56,62,61.0,2.0,1
60,31,35.0,3.0,0
50,75,53.0,1.0,1
63,44,59.0,4.0,1
44,49,44.0,2.0,0
53,56,50.0,2.0,1
58,51,66.0,1.0,1
52,40,48.0,2.0,0
47,48,41.0,2.0,0
60,57,45.0,2.0,1
57,48,57.0,2.0,1
57,41,61.0,2.0,1
59,51,56.0,2.0,1
51,43,43.0,3.0,0
66,69,55.0,1.0,1
45,48,28.0,1.0,0
57,67,69.0,6.0,1
65,62,71.0,6.0,1
54,52,57.0,2.0,1
52,54,57.0,6.0,1
36,38,32.0,1.0,0
56,55,54.0,3.0,1
49,50,48.0,2.0,0
59,52,52.0,3.0,1
55,52,45.0,1.0,0
39,42,54.0,2.0,0
36,33,42.0,2.0,0
61,53,53.0,2.0,1
43,43,40.0,3.0,0
50,43,52.0,4.0,0
57,50,55.0,4.0,1
45,39,41.0,2.0,0
60,53,46.0,3.0,1
65,70,48.0,2.0,1
68,76,54.0,4.0,1
67,59,56.0,3.0,1
62,44,45.0,4.0,1
59,58,55.0,2.0,1
49,49,41.0,3.0,0
45,51,41.0,2.0,0
54,53,60.0,4.0,1
47,54,45.0,2.0,1
50,47,54.0,2.0,0
52,60,48.0,3.0,1
44,36,41.0,4.0,0
37,30,32.0,3.0,0
53,53,36.0,2.0,1
67,70,78.0,4.0,1
52,44,38.0,1.0,0
56,53,38.0,2.0,1
58,38,51.0,1.0,0
53,51,60.0,2.0,1
53,62,53.0,3.0,1
61,64,81.0,3.0,1
70,68,68.0,3.0,1
68,45,82.0,3.0,1
64,55,70.0,4.0,1
50,45,45.0,1.0,0
40,45,47.0,3.0,0
62,58,56.0,4.0,1
54,63,48.0,2.0,1
49,40,45.0,2.0,0
51,43,41.0,1.0,0
44,49,34.0,4.0,0
53,53,43.0,1.0,0
42,44,42.0,2.0,0
58,36,31.0,2.0,0
49,57,46.0,3.0,1
46,44,50.0,4.0,0
51,54,56.0,2.0,0
46,54,48.0,2.0,0
55,61,43.0,2.0,1
39,33,35.0,1.0,0
47,34,47.0,2.0,0
46,35,41.0,1.0,0
42,41,34.0,1.0,0
50,57,37.0,2.0,0
44,47,36.0,3.0,0
50,44,48.0,1.0,0
57,41,41.0,2.0,0
48,51,37.0,2.0,0
54,51,53.0,1.0,1
46,51,34.0,1.0,0
54,62,56.0,5.0,1
39,51,43.0,3.0,0
49,50,45.0,6.0,0
56,49,45.0,1.0,1
50,48,40.0,1.0,0
34,43,41.0,1.0,0
43,38,43.0,1.0,0
53,42,45.0,2.0,1
46,40,34.0,5.0,0
44,38,48.0,2.0,0
55,51,35.0,3.0,1
42,44,46.0,1.0,0
58,71,68.0,1.0,1
45,44,45.0,2.0,0
56,51,75.0,3.0,1
53,61,77.0,3.0,1
66,55,42.0,3.0,1
69,59,70.0,6.0,1
73,100,79.0,6.0,1
49,41,55.0,3.0,0
58,49,43.0,2.0,1
37,39,37.0,2.0,0
39,38,30.0,1.0,0
50,35,51.0,3.0,0
64,58,62.0,2.0,1
46,45,50.0,3.0,0
58,47,49.0,3.0,1
60,67,57.0,3.0,1
46,32,34.0,1.0,0
48,48,32.0,1.0,0
56,46,41.0,1.0,0
61,67,74.0,3.0,1
68,62,59.0,5.0,1
57,57,50.0,3.0,1
43,46,44.0,2.0,0
37,47,45.0,1.0,0
44,42,46.0,2.0,0
44,42,39.0,1.0,0
40,43,39.0,2.0,0
69,70,48.0,2.0,1
49,58,43.0,2.0,0
53,47,46.0,3.0,0
65,59,51.0,1.0,1
39,44,42.0,2.0,0
54,33,48.0,3.0,0
56,48,41.0,2.0,0
40,40,36.0,2.0,0
56,54,49.0,2.0,1
51,45,42.0,2.0,0
42,36,44.0,2.0,0
51,53,58.0,2.0,1
52,57,69.0,3.0,1
56,48,51.0,3.0,1
58,39,71.0,2.0,1
39,38,32.0,3.0,0
48,56,34.0,2.0,0
52,41,33.0,1.0,0
32,39,45.0,2.0,0
56,53,37.0,1.0,1
61,61,49.0,1.0,1
54,38,48.0,1.0,0
47,55,44.0,1.0,1
68,71,69.0,2.0,1
59,45,47.0,3.0,1
32,28,33.0,2.0,0
73,70,69.0,2.0,1
52,51,49.0,3.0,1
53,52,41.0,4.0,0
51,50,47.0,1.0,1
71,72,100.0,6.0,1
60,53,51.0,3.0,1
63,66,77.0,2.0,1
50,50,70.0,4.0,1
61,61,69.0,3.0,1
60,50,48.0,3.0,1
32,28,36.0,3.0,0
30,40,38.0,2.0,0
39,44,44.0,2.0,0
33,34,31.0,1.0,0
38,32,34.0,2.0,0
36,47,45.0,2.0,0
42,53,43.0,1.0,0
60,46,38.0,3.0,0
63,59,30.0,2.0,1
49,47,47.0,2.0,0
56,55,64.0,1.0,1
46,54,61.0,2.0,1
62,71,58.0,6.0,1
53,49,37.0,2.0,0
53,42,33.0,3.0,0
49,52,39.0,1.0,0
55,61,44.0,1.0,1
55,51,56.0,2.0,1
66,70,76.0,3.0,1
56,34,74.0,3.0,1
36,44,38.0,3.0,0
60,61,55.0,1.0,1
58,39,40.0,2.0,0
54,63,43.0,1.0,1
47,56,42.0,1.0,0
58,64,74.0,3.0,1
69,68,79.0,5.0,1
41,29,38.0,1.0,0
42,41,38.0,3.0,0
39,51,43.0,1.0,0
49,49,45.0,2.0,1
58,53,34.0,3.0,0
42,33,31.0,1.0,0
49,32,43.0,3.0,0
57,56,35.0,2.0,1
59,60,44.0,1.0,1
50,52,51.0,2.0,1
55,50,34.0,1.0,0
41,42,36.0,1.0,0
56,51,39.0,1.0,0
45,32,33.0,1.0,0
49,39,43.0,1.0,0
50,34,47.0,1.0,0
52,50,33.0,1.0,0
70,66,78.0,4.0,1
72,63,82.0,5.0,1
70,62,85.0,6.0,1
53,39,63.0,5.0,0
67,66,67.0,3.0,1
56,58,75.0,5.0,1
66,70,84.0,5.0,1
57,66,65.0,5.0,1
66,67,60.0,2.0,1
54,62,72.0,4.0,1
60,36,52.0,2.0,1
37,35,46.0,1.0,0
52,41,56.0,1.0,0
46,34,47.0,2.0,0
49,45,42.0,1.0,0
69,38,44.0,1.0,1
62,50,40.0,1.0,1
54,57,36.0,3.0,1
61,57,71.0,3.0,1
40,35,34.0,3.0,0
46,41,37.0,2.0,0
52,56,50.0,5.0,1
67,70,70.0,4.0,1
56,59,50.0,2.0,1
57,58,50.0,1.0,1
41,33,36.0,3.0,0
55,47,38.0,2.0,0
40,44,48.0,2.0,0
60,62,70.0,2.0,1
53,43,34.0,2.0,0
47,40,40.0,1.0,0
44,49,33.0,3.0,0
62,62,39.0,1.0,1
54,46,39.0,1.0,0
59,31,40.0,1.0,0
52,46,37.0,2.0,0
46,51,49.0,2.0,1
53,61,48.0,1.0,1
48,31,40.0,2.0,0
62,66,57.0,2.0,1
62,61,37.0,2.0,1
58,38,45.0,1.0,1
46,51,42.0,2.0,0
43,26,40.0,2.0,0
55,41,50.0,4.0,0
51,31,40.0,1.0,0
44,34,40.0,2.0,0
63,54,76.0,4.0,1
57,58,31.0,1.0,0
46,44,32.0,1.0,0
64,59,69.0,2.0,1
41,54,57.0,3.0,0
52,54,56.0,2.0,1
50,41,54.0,2.0,1
50,34,37.0,2.0,0
39,43,46.0,3.0,0
64,61,71.0,1.0,1
58,28,35.0,1.0,0
46,50,39.0,2.0,0
36,37,32.0,2.0,0
51,46,39.0,3.0,0
43,47,32.0,2.0,0
52,51,38.0,1.0,0
59,51,49.0,1.0,1
56,56,43.0,1.0,0
53,55,40.0,3.0,1
56,27,61.0,2.0,1
61,55,51.0,2.0,1
50,38,48.0,2.0,0
42,31,36.0,2.0,0
52,56,43.0,2.0,1
49,43,38.0,2.0,0
37,42,41.0,1.0,0
37,49,45.0,4.0,0
54,57,47.0,2.0,1
60,53,43.0,2.0,0
55,53,48.0,3.0,1
60,61,40.0,5.0,1
48,40,38.0,3.0,0
62,70,83.0,3.0,1
57,61,70.0,2.0,1
62,63,54.0,3.0,1
58,50,48.0,1.0,1
55,57,53.0,2.0,1
53,63,56.0,2.0,1
64,69,51.0,2.0,1
67,63,52.0,2.0,1
60,64,57.0,2.0,1
56,58,49.0,4.0,1
51,43,58.0,2.0,0
58,63,50.0,3.0,1
70,47,51.0,3.0,1
60,63,56.0,3.0,1
60,46,54.0,3.0,1
59,51,59.0,2.0,1
52,61,48.0,1.0,1
62,56,65.0,2.0,1
44,36,40.0,3.0,0
37,40,42.0,4.0,0
38,29,38.0,4.0,0
65,60,68.0,2.0,1
61,54,56.0,2.0,1
36,24,32.0,1.0,0
51,25,37.0,4.0,0
40,39,30.0,1.0,0
48,51,38.0,1.0,0
59,67,58.0,3.0,1
58,68,39.0,1.0,1
39,40,33.0,2.0,0
51,38,31.0,2.0,0
37,42,36.0,2.0,0
40,48,52.0,1.0,0
53,48,42.0,3.0,1
41,44,42.0,1.0,0
55,55,49.0,3.0,1
36,48,44.0,1.0,0
46,45,49.0,1.0,0
64,52,44.0,1.0,1
44,49,50.0,1.0,0
47,53,50.0,1.0,0
54,48,45.0,1.0,0
55,48,41.0,1.0,0
51,57,56.0,2.0,0
54,41,55.0,2.0,0
44,49,37.0,2.0,0
54,54,46.0,2.0,0
44,47,49.0,2.0,0
46,51,43.0,1.0,0
54,50,36.0,2.0,0
48,47,45.0,3.0,0
57,46,54.0,1.0,0
50,33,43.0,3.0,0
44,50,47.0,2.0,0
62,53,51.0,2.0,1
61,62,54.0,3.0,1
63,50,58.0,3.0,1
48,56,39.0,1.0,0
43,39,49.0,2.0,0
44,41,38.0,1.0,0
44,30,45.0,1.0,0
39,38,33.0,3.0,0
47,39,44.0,2.0,0
52,32,40.0,1.0,0
44,45,40.0,2.0,0
47,43,34.0,4.0,0
56,41,48.0,1.0,0
48,57,44.0,1.0,1
66,63,63.0,3.0,1
59,54,77.0,2.0,1
57,67,55.0,3.0,1
37,45,40.0,4.0,0
36,38,38.0,2.0,0
57,31,61.0,3.0,1
58,55,68.0,3.0,1
52,41,49.0,2.0,0
50,57,47.0,1.0,0
57,49,42.0,2.0,1
52,45,44.0,3.0,0
48,63,46.0,4.0,0
67,63,80.0,6.0,1
41,48,34.0,3.0,0
55,42,51.0,1.0,1
44,47,40.0,3.0,0
40,45,49.0,2.0,0
52,50,62.0,2.0,1
41,58,35.0,3.0,0
67,65,49.0,2.0,1
62,61,52.0,1.0,1
42,27,37.0,2.0,0
60,54,43.0,2.0,1
62,66,55.0,1.0,1
55,47,49.0,4.0,1
65,51,48.0,1.0,1
50,42,57.0,3.0,0
38,54,36.0,2.0,0
61,61,42.0,3.0,1
53,56,48.0,3.0,1
49,52,45.0,3.0,0
56,56,52.0,3.0,1
55,66,60.0,3.0,1
54,72,52.0,2.0,1
56,42,44.0,3.0,0
32,41,53.0,2.0,0
63,60,59.0,2.0,1
44,33,33.0,1.0,0
51,48,46.0,1.0,0
46,39,41.0,2.0,0
54,34,48.0,1.0,0
30,42,37.0,4.0,0
56,45,38.0,1.0,0
44,38,33.0,1.0,0
40,41,34.0,1.0,0
36,30,37.0,1.0,0
37,34,40.0,1.0,0
46,41,42.0,6.0,0
33,37,28.0,2.0,0
30,31,45.0,2.0,0
42,44,40.0,4.0,0
30,42,37.0,2.0,0
47,44,43.0,1.0,0
47,42,37.0,1.0,0
48,54,41.0,3.0,0
67,54,68.0,4.0,1
62,61,61.0,3.0,1
42,39,40.0,2.0,0
49,44,48.0,3.0,0
57,55,62.0,2.0,1
56,53,30.0,2.0,1
48,50,38.0,2.0,0
63,64,49.0,3.0,1
64,59,47.0,3.0,1
58,50,40.0,3.0,1
50,51,52.0,4.0,0
58,63,56.0,3.0,1
60,46,55.0,1.0,0
58,61,39.0,1.0,1
53,50,58.0,1.0,1
68,58,81.0,4.0,1
54,48,56.0,2.0,1
64,67,69.0,3.0,1
75,73,73.0,2.0,1
72,63,65.0,2.0,1
57,66,50.0,3.0,1
67,59,69.0,1.0,1
56,26,44.0,3.0,0
51,57,46.0,2.0,1
62,60,62.0,2.0,1
53,46,52.0,2.0,1
42,43,39.0,2.0,0
38,45,47.0,3.0,0
46,44,46.0,2.0,0
49,40,48.0,2.0,0
59,49,39.0,1.0,1
51,46,40.0,5.0,0
53,53,42.0,3.0,0
52,31,33.0,1.0,0
64,72,54.0,2.0,1
47,42,45.0,1.0,0
42,47,38.0,2.0,0
69,69,77.0,2.0,1
64,67,72.0,2.0,1
52,50,55.0,2.0,1
51,29,51.0,2.0,0
55,51,68.0,3.0,1
51,50,31.0,1.0,0
56,58,58.0,3.0,1
56,60,56.0,1.0,1
58,57,35.0,1.0,1
49,50,37.0,2.0,0
53,47,36.0,1.0,0
71,57,54.0,4.0,1
39,36,41.0,1.0,0
48,39,30.0,1.0,0
57,56,59.0,2.0,1
59,65,42.0,2.0,1
55,17,52.0,1.0,0
67,68,79.0,4.0,1
56,54,36.0,2.0,1
57,48,53.0,4.0,1
41,47,44.0,2.0,0
46,47,42.0,3.0,0
65,68,64.0,4.0,1
44,47,48.0,1.0,0
37,43,57.0,4.0,0
62,44,41.0,1.0,0
46,48,39.0,1.0,0
54,53,41.0,2.0,0
43,44,40.0,1.0,0
46,53,40.0,1.0,0
41,52,37.0,2.0,0
46,39,29.0,1.0,0
49,41,35.0,1.0,0
59,62,55.0,1.0,1
45,53,37.0,1.0,1
59,62,50.0,1.0,1
71,78,54.0,1.0,1
39,37,32.0,1.0,0
64,56,40.0,1.0,1
74,54,47.0,1.0,1
53,51,49.0,2.0,1
39,52,45.0,1.0,0
48,49,40.0,1.0,0
55,66,32.0,1.0,1
41,34,43.0,3.0,0
61,61,71.0,5.0,1
36,40,34.0,3.0,0
39,53,52.0,4.0,0
49,49,31.0,1.0,0
64,60,49.0,1.0,1
48,35,30.0,1.0,0
72,75,44.0,1.0,1
51,54,45.0,3.0,1
45,37,34.0,1.0,0
58,38,46.0,2.0,1
42,43,48.0,2.0,0
50,29,37.0,1.0,0
34,38,30.0,1.0,0
51,39,47.0,1.0,0
48,58,54.0,1.0,1
53,43,35.0,2.0,0
44,44,44.0,1.0,0
51,47,49.0,4.0,0
53,53,35.0,2.0,0
41,42,48.0,3.0,0
63,55,73.0,3.0,1
61,53,43.0,2.0,1
54,58,57.0,2.0,1
60,49,47.0,3.0,1
36,61,35.0,3.0,0
60,61,57.0,3.0,1
59,54,51.0,2.0,1
53,47,70.0,4.0,1
58,58,47.0,3.0,1
72,65,62.0,2.0,1
70,67,60.0,3.0,1
50,33,41.0,3.0,0
51,44,43.0,3.0,0
54,38,39.0,1.0,0
46,51,35.0,1.0,0
49,33,46.0,2.0,0
60,42,35.0,2.0,0
64,62,53.0,3.0,1
65,63,42.0,3.0,1
53,52,44.0,1.0,0
55,57,36.0,2.0,0
61,67,48.0,1.0,1
37,38,35.0,2.0,0
62,58,47.0,3.0,1
58,61,54.0,3.0,1
50,49,48.0,2.0,0
40,37,38.0,2.0,0
58,63,73.0,4.0,1
38,54,48.0,2.0,0
53,41,44.0,4.0,0
70,69,37.0,1.0,1
41,47,33.0,2.0,0
49,62,52.0,3.0,1
40,37,29.0,1.0,0
56,40,46.0,1.0,0
48,44,53.0,1.0,0
65,50,46.0,3.0,1
51,48,42.0,6.0,0
39,59,37.0,1.0,0
56,60,49.0,1.0,1
49,45,31.0,2.0,0
51,48,44.0,1.0,0
44,37,43.0,1.0,0
49,34,56.0,2.0,0
38,46,39.0,1.0,0
52,47,47.0,1.0,1
50,46,36.0,2.0,0
52,42,46.0,1.0,0
47,49,40.0,2.0,0
48,39,42.0,2.0,0
49,48,45.0,2.0,0
44,53,34.0,1.0,0
59,51,55.0,2.0,1
49,36,44.0,3.0,0
64,66,60.0,1.0,1
37,34,44.0,1.0,0
47,43,50.0,2.0,0
63,62,50.0,1.0,1
69,60,56.0,3.0,1
53,37,47.0,2.0,0
64,59,59.0,3.0,1
76,100,100.0,5.0,1
45,41,57.0,2.0,0
51,53,40.0,2.0,1
41,55,36.0,1.0,0
50,53,49.0,1.0,1
47,51,41.0,1.0,0
58,54,42.0,1.0,1
56,57,47.0,1.0,0
50,46,49.0,3.0,0
50,49,33.0,2.0,0
50,55,32.0,1.0,0
46,51,39.0,3.0,0
48,33,34.0,2.0,0
66,54,44.0,3.0,1
41,41,38.0,2.0,0
51,49,36.0,1.0,0
50,49,43.0,3.0,0
46,28,48.0,1.0,0
50,55,43.0,3.0,1
47,40,49.0,3.0,0
63,54,53.0,2.0,1
55,58,35.0,1.0,1
52,47,41.0,2.0,0
66,68,52.0,3.0,1
46,46,34.0,1.0,0
46,59,34.0,1.0,0
58,57,49.0,2.0,1
55,36,44.0,1.0,0
58,54,43.0,1.0,0
37,37,36.0,2.0,0
41,30,33.0,3.0,0
73,60,57.0,3.0,1
53,56,38.0,3.0,1
58,51,58.0,1.0,1
48,42,41.0,3.0,0
45,40,43.0,3.0,0
41,30,36.0,2.0,0
39,42,47.0,3.0,0
59,56,44.0,2.0,1
38,38,34.0,3.0,0
60,54,49.0,3.0,1
46,41,38.0,2.0,0
43,38,43.0,1.0,0
50,49,36.0,2.0,0
55,55,39.0,3.0,1
43,55,43.0,3.0,0
54,53,50.0,1.0,1
49,41,44.0,1.0,0
64,52,47.0,3.0,1
46,35,46.0,3.0,0
38,48,48.0,3.0,0
68,76,78.0,3.0,1
38,38,39.0,3.0,0
51,50,56.0,4.0,0
59,46,39.0,1.0,0
35,44,39.0,2.0,0
51,31,43.0,2.0,0
44,34,40.0,4.0,0
50,45,38.0,3.0,0
39,41,37.0,1.0,0
48,54,45.0,1.0,0
33,39,37.0,4.0,0
37,32,35.0,1.0,0
57,44,29.0,3.0,0
60,52,65.0,3.0,1
57,50,46.0,3.0,0
55,44,43.0,3.0,0
49,33,42.0,2.0,0
61,50,39.0,2.0,1
63,57,63.0,2.0,1
58,64,69.0,1.0,1
43,31,39.0,3.0,0
50,59,49.0,2.0,1
47,45,36.0,3.0,0
38,35,39.0,1.0,0
69,67,39.0,1.0,1
76,58,78.0,3.0,1
35,37,38.0,1.0,0
41,47,42.0,1.0,0
32,26,46.0,1.0,0
51,43,35.0,1.0,0
46,53,46.0,3.0,0
48,51,40.0,1.0,0
52,51,41.0,1.0,0
52,51,40.0,1.0,0
45,45,33.0,3.0,0
57,50,40.0,1.0,0
63,51,47.0,1.0,1
50,51,34.0,2.0,0
58,62,43.0,2.0,1
48,39,52.0,2.0,0
38,42,56.0,1.0,0
46,47,45.0,1.0,0
64,58,41.0,2.0,1
61,59,44.0,2.0,1
53,45,43.0,3.0,0
61,62,65.0,3.0,1
47,60,55.0,2.0,1
55,77,83.0,4.0,1
45,55,39.0,1.0,0
58,64,44.0,1.0,1
68,58,66.0,2.0,1
59,38,36.0,1.0,0
52,33,34.0,2.0,0
47,47,46.0,3.0,0
60,72,69.0,3.0,1
56,35,45.0,1.0,0
55,59,47.0,1.0,1
50,54,44.0,2.0,1
48,41,54.0,2.0,0
41,43,44.0,2.0,0
57,64,52.0,1.0,1
36,31,33.0,2.0,0
48,45,42.0,2.0,0
62,60,50.0,5.0,1
43,44,38.0,1.0,0
58,49,39.0,1.0,0
51,54,39.0,1.0,0
51,52,41.0,1.0,0
56,46,43.0,4.0,1
50,35,42.0,1.0,0
43,47,52.0,2.0,0
53,66,42.0,1.0,0
38,38,36.0,2.0,0
49,55,44.0,2.0,0
61,58,46.0,1.0,1
58,58,42.0,2.0,1
49,44,44.0,1.0,0
48,34,34.0,2.0,0
64,69,55.0,1.0,1
58,68,41.0,2.0,1
59,71,70.0,3.0,1
63,68,70.0,5.0,1
46,43,36.0,3.0,0
62,59,59.0,2.0,1
55,49,48.0,1.0,0
62,69,38.0,1.0,1
73,69,68.0,2.0,1
47,58,47.0,2.0,1
47,39,37.0,2.0,0
55,57,56.0,1.0,1
54,32,49.0,2.0,0
57,43,52.0,3.0,0
43,46,51.0,2.0,0
59,55,46.0,3.0,1
65,47,53.0,3.0,1
57,63,62.0,3.0,1
50,50,46.0,2.0,0
48,51,36.0,3.0,1
75,66,73.0,2.0,1
53,47,41.0,2.0,0
45,44,46.0,1.0,0
51,30,43.0,2.0,0
58,64,49.0,1.0,1
52,52,45.0,1.0,1
57,52,55.0,2.0,1
50,56,43.0,1.0,0
59,50,53.0,1.0,0
52,46,44.0,2.0,0
54,51,57.0,3.0,1
27,34,46.0,2.0,0
70,66,78.0,3.0,1
56,57,47.0,4.0,1
37,38,36.0,3.0,0
37,22,44.0,2.0,0
61,67,62.0,3.0,1
51,49,55.0,3.0,0
61,63,69.0,3.0,1
70,66,70.0,3.0,1
72,57,49.0,2.0,1
55,51,37.0,6.0,0
58,50,41.0,3.0,1
60,40,72.0,2.0,1
61,62,43.0,3.0,1
51,52,45.0,1.0,1
46,48,40.0,2.0,0
44,47,40.0,2.0,0
57,53,59.0,2.0,1
38,41,35.0,2.0,0
44,48,49.0,3.0,0
47,45,42.0,3.0,0
65,53,40.0,2.0,1
59,57,44.0,3.0,1
62,61,41.0,1.0,1
55,52,60.0,1.0,1
63,67,68.0,2.0,1
65,71,68.0,1.0,1
60,57,40.0,1.0,1
55,66,63.0,2.0,1
60,69,46.0,2.0,1
58,43,42.0,2.0,0
50,53,51.0,1.0,1
72,71,63.0,1.0,1
46,42,47.0,2.0,0
50,60,51.0,3.0,1
48,47,41.0,2.0,0
42,49,46.0,3.0,0
45,51,37.0,3.0,0
46,42,44.0,4.0,0
39,22,38.0,1.0,0
54,51,36.0,3.0,0
46,35,43.0,1.0,0
46,49,42.0,3.0,0
39,34,42.0,3.0,0
54,48,50.0,3.0,0
55,52,46.0,3.0,1
56,55,44.0,4.0,1
32,29,38.0,2.0,0
68,62,78.0,4.0,1
72,100,78.0,5.0,1
78,77,80.0,5.0,1
57,49,41.0,2.0,1
49,27,43.0,2.0,0
75,72,56.0,5.0,1
55,49,52.0,3.0,0
42,40,28.0,3.0,0
56,62,52.0,2.0,0
57,58,49.0,1.0,1
57,56,44.0,2.0,1
64,54,40.0,3.0,1
54,42,42.0,1.0,0
49,41,45.0,1.0,0
30,36,38.0,2.0,0
50,46,46.0,1.0,0
52,52,50.0,3.0,0
51,58,56.0,3.0,1
54,57,56.0,2.0,1
64,41,47.0,2.0,1
52,44,67.0,3.0,1
41,44,32.0,3.0,0
44,40,38.0,3.0,0
47,43,39.0,3.0,0
34,35,29.0,3.0,0
57,56,52.0,3.0,1
40,44,53.0,2.0,0
54,45,33.0,1.0,0
44,47,46.0,1.0,0
32,31,40.0,1.0,0
56,54,47.0,1.0,1
38,35,40.0,5.0,0
37,36,31.0,2.0,0
54,50,37.0,3.0,0
45,40,39.0,1.0,0
43,45,37.0,4.0,0
35,25,37.0,2.0,0
48,46,37.0,1.0,0
43,41,32.0,1.0,0
51,53,37.0,2.0,0
65,53,33.0,1.0,1
43,41,49.0,2.0,0
66,70,56.0,4.0,1
69,66,68.0,4.0,1
70,62,69.0,3.0,1
61,56,52.0,4.0,1
53,47,43.0,1.0,0
67,54,40.0,1.0,1
55,57,45.0,4.0,1
70,60,45.0,3.0,1
34,27,38.0,3.0,0
78,65,73.0,3.0,1
61,69,57.0,4.0,1
67,49,35.0,2.0,1
51,53,42.0,1.0,1
60,54,51.0,3.0,1
55,58,55.0,2.0,1
50,51,50.0,1.0,1
52,62,33.0,2.0,0
53,49,39.0,4.0,0
45,42,48.0,1.0,0
44,55,42.0,3.0,0
50,50,32.0,1.0,0
53,44,39.0,1.0,0
61,52,50.0,3.0,1
45,41,40.0,2.0,0
52,48,38.0,2.0,0
44,39,38.0,5.0,0
58,55,57.0,3.0,1
61,55,52.0,3.0,1
47,39,44.0,6.0,0
56,50,49.0,2.0,1
60,61,72.0,3.0,1
66,58,62.0,1.0,1
46,47,36.0,2.0,0
49,43,60.0,2.0,0
45,47,42.0,2.0,0
43,43,30.0,1.0,0
49,39,46.0,2.0,0
74,78,100.0,3.0,1
38,39,42.0,2.0,0
60,38,54.0,2.0,0
51,48,62.0,3.0,0
49,36,44.0,1.0,0
61,62,56.0,3.0,1
58,54,50.0,4.0,1
52,59,58.0,3.0,1
47,47,45.0,2.0,0
63,65,49.0,1.0,1
41,37,38.0,3.0,0
71,62,79.0,6.0,1
37,34,47.0,4.0,0
53,34,38.0,3.0,0
61,52,62.0,2.0,1
69,49,57.0,2.0,1
43,37,43.0,2.0,0
40,39,43.0,2.0,0
43,37,50.0,4.0,0
55,49,46.0,2.0,1
53,51,40.0,4.0,0
46,48,57.0,3.0,0
54,68,55.0,3.0,1
47,47,43.0,2.0,0
65,69,74.0,2.0,1
43,42,30.0,1.0,0
52,59,58.0,2.0,1
57,58,49.0,1.0,1
58,38,42.0,3.0,0
52,55,42.0,2.0,1
49,46,39.0,2.0,0
39,34,49.0,2.0,0
46,28,35.0,2.0,0
50,38,38.0,2.0,0
41,41,36.0,1.0,0
41,33,31.0,3.0,0
68,75,77.0,5.0,1
47,37,44.0,2.0,0
74,63,78.0,5.0,1
63,65,75.0,4.0,1
59,66,79.0,4.0,1
57,60,54.0,4.0,1
65,64,61.0,2.0,1
43,34,38.0,4.0,0
60,61,52.0,5.0,1
77,62,81.0,3.0,1
65,68,72.0,2.0,1
47,44,44.0,1.0,0
56,36,36.0,3.0,0
61,49,72.0,2.0,1
58,50,41.0,2.0,1
61,69,63.0,2.0,1
57,50,52.0,3.0,1
56,63,40.0,2.0,1
56,65,49.0,2.0,1
52,44,35.0,1.0,0
60,59,50.0,1.0,1
59,55,50.0,2.0,1
57,63,51.0,1.0,1
66,60,61.0,3.0,1
47,54,45.0,1.0,1
57,51,33.0,1.0,1
61,73,44.0,1.0,1
45,58,47.0,3.0,0
43,51,45.0,3.0,0
51,58,43.0,2.0,0
64,57,49.0,1.0,1
56,39,46.0,1.0,1
56,55,41.0,2.0,1
42,45,47.0,2.0,0
59,55,45.0,3.0,1
43,46,53.0,4.0,0
50,41,43.0,4.0,0
46,51,43.0,2.0,0
36,52,53.0,2.0,0
42,34,47.0,2.0,0
47,47,44.0,2.0,0
51,41,39.0,2.0,0
60,40,40.0,3.0,0
57,45,60.0,2.0,1
47,46,46.0,2.0,0
59,65,80.0,3.0,1
74,75,80.0,4.0,1
47,40,46.0,2.0,0
54,54,48.0,4.0,1
43,51,49.0,1.0,0
68,70,53.0,1.0,1
68,65,67.0,1.0,1
56,50,46.0,3.0,1
44,47,48.0,1.0,0
40,39,41.0,1.0,0
54,55,71.0,2.0,1
53,42,68.0,3.0,0
62,66,55.0,2.0,1
66,61,62.0,2.0,1
57,60,45.0,2.0,1
53,53,52.0,3.0,1
54,35,60.0,1.0,1
68,65,55.0,2.0,1
41,37,39.0,3.0,0
61,56,47.0,3.0,1
56,64,48.0,2.0,1
52,53,39.0,3.0,1
65,78,62.0,2.0,1
48,57,39.0,1.0,1
58,54,48.0,2.0,1
51,56,50.0,2.0,1
68,81,52.0,2.0,1
57,53,52.0,1.0,1
47,40,36.0,1.0,0
54,46,40.0,3.0,1
64,50,45.0,3.0,1
72,63,71.0,4.0,1
41,40,33.0,2.0,0
72,75,100.0,6.0,1
38,39,44.0,3.0,0
49,45,55.0,3.0,0
58,69,41.0,3.0,1
56,48,34.0,3.0,0
63,50,44.0,2.0,1
51,49,47.0,3.0,0
68,75,80.0,6.0,1
65,68,79.0,6.0,1
71,70,70.0,3.0,1
50,44,39.0,2.0,0
68,71,66.0,4.0,1
54,51,56.0,3.0,1
39,37,36.0,3.0,0
50,43,0.0,3.0,0
45,41,46.0,2.0,0
49,54,48.0,3.0,0
64,26,57.0,2.0,1
49,38,43.0,1.0,0
61,61,40.0,3.0,1
39,33,33.0,6.0,0
59,66,59.0,3.0,1
41,40,49.0,2.0,0
39,31,43.0,3.0,0
48,46,39.0,2.0,0
55,48,33.0,3.0,0
33,35,49.0,1.0,0
68,78,71.0,3.0,1
64,56,48.0,3.0,1
67,67,75.0,3.0,1
48,53,43.0,2.0,0
47,24,33.0,1.0,0
50,48,37.0,1.0,0
33,40,48.0,1.0,0
37,36,31.0,1.0,0
49,57,65.0,1.0,1
55,46,46.0,1.0,0
44,33,29.0,1.0,0
65,60,65.0,4.0,1
58,40,49.0,3.0,0
62,50,51.0,3.0,1
59,65,64.0,2.0,1
46,35,35.0,2.0,0
37,22,40.0,1.0,0
44,29,34.0,2.0,0
43,39,40.0,2.0,0
45,44,44.0,1.0,0
60,69,73.0,4.0,1
53,44,44.0,1.0,0
58,60,49.0,2.0,1
56,65,52.0,1.0,1
61,45,47.0,3.0,1
46,33,47.0,2.0,0
42,41,35.0,3.0,0
55,49,47.0,2.0,0
47,34,33.0,4.0,0
47,47,35.0,2.0,0
26,28,33.0,1.0,0
39,38,39.0,2.0,0
41,39,37.0,2.0,0
58,55,43.0,1.0,1
44,43,33.0,4.0,0
53,56,51.0,3.0,1
57,61,67.0,2.0,1
47,48,36.0,2.0,0
33,26,36.0,2.0,0
55,46,40.0,3.0,0
39,30,41.0,6.0,0
38,40,34.0,2.0,0
50,60,61.0,2.0,1
38,36,33.0,2.0,0
47,45,37.0,1.0,0
33,44,36.0,3.0,0
51,55,46.0,1.0,1
58,46,44.0,1.0,1
45,47,50.0,1.0,0
36,37,37.0,1.0,0
40,49,46.0,1.0,0
48,52,36.0,1.0,0
63,60,54.0,1.0,1
52,54,43.0,1.0,1
63,59,47.0,1.0,1
66,59,79.0,4.0,1
46,43,37.0,1.0,0
60,53,40.0,2.0,1
64,51,47.0,3.0,1
46,39,32.0,2.0,0
41,45,50.0,2.0,0
45,42,44.0,2.0,0
63,64,32.0,3.0,1
39,32,39.0,2.0,0
45,47,45.0,1.0,0
41,51,31.0,3.0,0
57,57,49.0,1.0,1
50,45,51.0,1.0,0
46,47,38.0,4.0,0
47,27,45.0,1.0,0
60,50,47.0,1.0,0
41,37,39.0,4.0,0
51,55,53.0,2.0,1
45,51,49.0,3.0,0
65,55,43.0,2.0,1
48,50,47.0,2.0,1
51,49,40.0,2.0,0
48,40,34.0,1.0,0
50,45,44.0,1.0,0
54,52,34.0,3.0,1
40,58,38.0,1.0,0
44,43,43.0,2.0,0
53,41,47.0,1.0,1
40,38,36.0,2.0,0
59,36,38.0,1.0,0
41,41,40.0,2.0,0
56,50,49.0,2.0,1
49,49,41.0,2.0,0
54,49,56.0,3.0,1
58,31,67.0,3.0,0
61,56,74.0,3.0,1
36,36,40.0,1.0,0
54,45,47.0,3.0,0
47,33,45.0,2.0,0
46,47,42.0,3.0,0
57,60,53.0,2.0,1
43,45,44.0,2.0,0
55,45,47.0,3.0,0
53,48,35.0,3.0,0
51,57,53.0,2.0,1
47,49,42.0,4.0,0
64,62,54.0,3.0,1
46,46,41.0,3.0,0
60,45,63.0,1.0,1
56,50,44.0,2.0,1
50,43,33.0,3.0,0
49,42,51.0,3.0,0
60,74,49.0,2.0,1
58,56,53.0,2.0,0
59,48,55.0,2.0,0
47,55,42.0,4.0,0
44,56,37.0,2.0,0
57,59,46.0,2.0,0
56,61,65.0,4.0,1
32,47,47.0,3.0,0
40,38,34.0,2.0,0
57,46,39.0,1.0,0
52,56,50.0,3.0,1
50,40,40.0,4.0,0
51,44,41.0,1.0,0
53,62,46.0,2.0,1
58,49,38.0,1.0,1
40,36,47.0,2.0,0
48,43,49.0,2.0,0
46,54,47.0,1.0,0
59,45,42.0,1.0,1
63,51,57.0,2.0,0
55,37,36.0,1.0,0
37,41,36.0,1.0,0
60,70,61.0,1.0,1
66,57,54.0,1.0,1
57,47,59.0,2.0,1
45,45,48.0,1.0,0
53,53,45.0,2.0,1
57,47,55.0,1.0,0
38,45,45.0,3.0,0
61,36,48.0,1.0,0
54,60,45.0,3.0,1
51,47,54.0,1.0,0
50,44,47.0,2.0,0
52,50,49.0,1.0,1
57,36,39.0,2.0,0
64,63,71.0,1.0,1
57,24,48.0,3.0,0
47,35,33.0,3.0,0
54,28,47.0,1.0,0
36,46,46.0,3.0,0
39,52,38.0,3.0,0
53,54,40.0,3.0,1
64,49,38.0,2.0,1
51,45,28.0,2.0,0
63,46,49.0,1.0,1
45,44,39.0,1.0,0
53,56,46.0,2.0,1
56,46,53.0,1.0,1
43,52,57.0,1.0,0
43,39,46.0,5.0,0
37,30,37.0,1.0,0
61,26,48.0,1.0,0
44,48,44.0,1.0,0
44,50,49.0,1.0,0
61,58,57.0,2.0,1
51,41,35.0,2.0,0
50,43,61.0,3.0,1
54,55,48.0,2.0,1
42,41,38.0,3.0,0
59,47,68.0,3.0,1
47,55,64.0,5.0,1
57,56,35.0,2.0,0
72,77,68.0,5.0,1
60,63,40.0,1.0,1
47,35,48.0,2.0,0
56,60,49.0,2.0,1
57,60,61.0,2.0,1
44,34,45.0,2.0,0
37,42,42.0,3.0,0
36,44,47.0,2.0,0
63,65,40.0,3.0,1
51,44,38.0,1.0,0
60,58,53.0,4.0,1
57,67,54.0,3.0,1
44,45,39.0,2.0,0
63,56,66.0,1.0,1
53,38,46.0,2.0,0
48,60,37.0,2.0,1
54,60,43.0,3.0,1
50,55,66.0,5.0,1
55,65,46.0,3.0,1
53,46,33.0,2.0,0
52,54,60.0,3.0,1
46,42,44.0,2.0,0
46,53,39.0,1.0,0
46,41,35.0,3.0,0
65,68,72.0,2.0,1
38,43,39.0,3.0,0
64,64,55.0,2.0,1
56,62,56.0,1.0,1
55,47,41.0,2.0,0
53,41,55.0,3.0,0
56,56,53.0,4.0,1
74,59,45.0,3.0,1
51,39,49.0,2.0,0
43,40,39.0,1.0,0
59,65,41.0,2.0,1
45,47,39.0,2.0,0
65,66,72.0,3.0,1
45,46,36.0,2.0,0
48,35,48.0,4.0,0
61,63,57.0,3.0,1
45,44,59.0,4.0,0
45,43,30.0,3.0,0
44,48,37.0,2.0,0
54,45,47.0,2.0,0
61,69,64.0,3.0,1
44,45,47.0,2.0,0
54,36,47.0,1.0,0
58,60,84.0,4.0,1
57,55,52.0,3.0,1
56,52,48.0,1.0,1
57,58,40.0,2.0,1
42,38,44.0,3.0,0
55,51,39.0,4.0,0
42,40,42.0,1.0,0
55,66,58.0,2.0,1
41,42,43.0,2.0,0
72,66,73.0,3.0,1
32,30,36.0,1.0,0
48,44,52.0,2.0,0
60,52,55.0,1.0,1
43,39,39.0,2.0,0
53,47,40.0,3.0,0
50,50,36.0,2.0,0
56,45,41.0,1.0,0
52,50,55.0,2.0,1
38,38,35.0,3.0,0
47,27,38.0,1.0,0
42,54,48.0,1.0,0
42,37,35.0,2.0,0
49,54,44.0,3.0,0
47,52,42.0,1.0,1
69,60,52.0,1.0,1
46,31,41.0,1.0,0
52,42,43.0,1.0,0
44,40,47.0,3.0,0
45,60,32.0,2.0,0
57,61,50.0,2.0,1
63,63,66.0,2.0,1
53,56,53.0,3.0,1
45,39,43.0,1.0,0
37,54,42.0,1.0,0
57,45,46.0,2.0,0
61,60,49.0,2.0,1
58,63,43.0,2.0,1
61,63,54.0,2.0,1
68,58,78.0,3.0,1
56,45,46.0,2.0,0
48,34,32.0,2.0,0
44,46,40.0,1.0,0
48,52,32.0,4.0,0
45,39,48.0,1.0,0
36,28,32.0,1.0,0
64,52,46.0,3.0,1
54,56,44.0,2.0,1
54,60,52.0,3.0,1
62,55,43.0,3.0,1
38,37,36.0,3.0,0
38,33,42.0,3.0,0
57,57,65.0,3.0,1
52,53,39.0,1.0,0
58,45,54.0,2.0,1
48,56,48.0,3.0,1
66,51,49.0,2.0,1
61,58,39.0,2.0,1
34,21,36.0,3.0,0
39,50,39.0,2.0,0
48,35,40.0,2.0,0
54,51,47.0,2.0,1
55,61,73.0,3.0,1
48,58,53.0,3.0,1
54,53,51.0,3.0,1
54,56,48.0,3.0,1
34,38,35.0,2.0,0
43,40,37.0,1.0,0
55,49,58.0,2.0,1
36,42,32.0,1.0,0
48,76,51.0,3.0,1
51,39,40.0,3.0,0
56,53,52.0,3.0,1
58,63,44.0,2.0,1
44,43,36.0,1.0,0
61,42,36.0,2.0,0
55,57,42.0,2.0,1
52,39,33.0,1.0,0
43,33,45.0,3.0,0
43,35,49.0,1.0,0
55,55,54.0,1.0,1
67,70,57.0,2.0,1
58,55,51.0,1.0,1
46,51,44.0,2.0,0
49,42,50.0,2.0,0
44,36,54.0,2.0,0
54,46,43.0,1.0,1
53,43,40.0,1.0,0
50,51,51.0,1.0,0
53,46,42.0,2.0,0
47,47,47.0,2.0,0
48,37,33.0,2.0,0
35,37,35.0,2.0,0
50,54,53.0,1.0,1
54,58,42.0,1.0,1
60,60,45.0,1.0,1
52,45,49.0,2.0,0
61,55,43.0,2.0,1
52,33,34.0,1.0,0
55,52,47.0,1.0,1
43,36,36.0,2.0,0
51,55,45.0,3.0,0
43,30,31.0,3.0,0
41,42,36.0,2.0,0
55,44,50.0,2.0,1
58,50,53.0,1.0,1
51,71,49.0,2.0,1
47,55,37.0,2.0,0
53,46,46.0,3.0,1
57,59,44.0,3.0,1
57,59,54.0,3.0,1
43,54,39.0,4.0,0
59,67,31.0,2.0,1
56,65,69.0,3.0,1
42,53,33.0,1.0,0
65,61,46.0,1.0,1
24,36,35.0,1.0,0
40,47,35.0,1.0,0
73,70,76.0,3.0,1
54,48,43.0,2.0,0
45,44,34.0,1.0,0
32,40,33.0,1.0,0
49,53,34.0,2.0,0
44,33,40.0,3.0,0
50,63,54.0,1.0,1
57,44,30.0,2.0,0
45,34,40.0,2.0,0
56,52,40.0,2.0,0
60,57,54.0,3.0,1
73,79,77.0,4.0,1
58,72,70.0,1.0,1
50,42,42.0,2.0,0
29,38,37.0,2.0,0
33,40,42.0,1.0,0
40,55,39.0,1.0,0
52,51,34.0,1.0,0
49,51,37.0,2.0,0
58,69,52.0,1.0,1
46,34,38.0,2.0,0
58,53,52.0,3.0,1
59,68,68.0,3.0,1
68,69,64.0,2.0,1
54,62,54.0,3.0,1
48,56,44.0,1.0,1
44,44,35.0,2.0,0
48,44,29.0,2.0,0
47,52,45.0,4.0,0
40,49,41.0,1.0,0
36,46,45.0,4.0,0
54,52,41.0,2.0,0
48,50,32.0,2.0,0
59,53,43.0,1.0,1
31,34,42.0,2.0,0
35,34,31.0,2.0,0
53,41,46.0,2.0,0
57,57,61.0,6.0,1
37,44,38.0,1.0,0
46,42,33.0,2.0,0
59,57,31.0,3.0,0
65,63,63.0,3.0,1
44,35,31.0,2.0,0
49,46,42.0,3.0,0
55,63,44.0,4.0,1
38,30,32.0,1.0,0
55,20,56.0,2.0,0
36,30,40.0,3.0,0
61,61,50.0,1.0,1
69,69,83.0,4.0,1
64,66,100.0,4.0,1
60,49,61.0,3.0,1
61,53,33.0,1.0,0
61,60,39.0,2.0,1
43,42,41.0,2.0,0
37,36,39.0,1.0,0
59,71,47.0,1.0,1
46,43,42.0,2.0,0
59,60,45.0,1.0,1
54,51,37.0,1.0,0
68,65,52.0,2.0,1
61,58,69.0,3.0,1
52,39,40.0,1.0,0
45,39,30.0,1.0,0
42,46,40.0,1.0,0
42,42,44.0,2.0,0
52,49,31.0,2.0,0
49,33,38.0,1.0,0
51,53,48.0,2.0,0
60,61,40.0,2.0,1
39,44,37.0,2.0,0
58,52,38.0,1.0,1
39,23,34.0,1.0,0
46,42,32.0,2.0,0
67,62,51.0,2.0,1
57,50,42.0,2.0,1
57,39,53.0,1.0,0
53,47,36.0,2.0,0
51,50,50.0,2.0,0
61,56,46.0,2.0,1
48,63,41.0,2.0,0
58,60,53.0,1.0,1
45,34,39.0,1.0,0
41,37,41.0,4.0,0
58,57,43.0,2.0,1
51,51,38.0,2.0,0
37,38,37.0,1.0,0
48,51,33.0,2.0,0
58,44,51.0,2.0,1
31,39,47.0,1.0,0
44,44,57.0,2.0,0
66,60,56.0,2.0,1
35,35,42.0,4.0,0
63,59,68.0,3.0,1
37,38,41.0,1.0,0
58,47,38.0,3.0,1
60,39,43.0,2.0,0
42,53,49.0,2.0,0
46,46,53.0,2.0,1
53,55,43.0,2.0,0
48,51,44.0,1.0,0
34,33,38.0,3.0,0
39,37,43.0,2.0,0
35,33,37.0,2.0,0
59,60,67.0,4.0,1
64,44,76.0,5.0,1
63,71,55.0,3.0,1
62,63,75.0,1.0,1
56,37,60.0,4.0,1
76,78,74.0,3.0,1
58,51,61.0,2.0,1
58,55,64.0,5.0,1
72,68,72.0,2.0,1
56,63,48.0,2.0,1
66,58,77.0,4.0,1
63,66,49.0,3.0,1
69,71,66.0,2.0,1
57,52,63.0,3.0,1
64,69,61.0,2.0,1
53,44,47.0,3.0,0
59,100,64.0,3.0,1
63,62,53.0,3.0,1
56,50,0.0,3.0,0
59,60,58.0,2.0,1
59,62,57.0,4.0,1
51,46,47.0,2.0,0
41,58,38.0,3.0,0
51,59,48.0,2.0,1
57,46,36.0,2.0,0
69,71,65.0,3.0,1
47,45,33.0,2.0,0
64,61,53.0,2.0,1
50,40,36.0,3.0,0
58,63,47.0,1.0,1
54,50,45.0,1.0,0
52,50,34.0,1.0,0
55,62,45.0,3.0,1
53,30,47.0,1.0,0
54,70,67.0,2.0,1
48,57,55.0,1.0,1
59,62,50.0,1.0,1
61,62,34.0,2.0,1
53,54,54.0,1.0,1
45,49,42.0,2.0,0
59,52,39.0,1.0,1
58,57,51.0,3.0,1
57,73,57.0,1.0,1
70,68,52.0,2.0,1
68,71,64.0,4.0,1
51,57,86.0,2.0,1
64,58,46.0,1.0,1
56,62,49.0,1.0,1
49,46,36.0,1.0,0
32,33,52.0,1.0,0
55,50,59.0,3.0,1
58,41,45.0,1.0,1
38,29,39.0,2.0,0
39,33,32.0,2.0,0
38,40,39.0,2.0,0
39,39,39.0,2.0,0
59,54,63.0,1.0,1
42,35,38.0,2.0,0
42,37,40.0,1.0,0
44,31,48.0,2.0,0
68,71,72.0,5.0,1
44,37,35.0,4.0,0
55,57,61.0,3.0,1
57,39,39.0,3.0,1
56,43,36.0,1.0,0
58,65,37.0,2.0,1
62,74,63.0,3.0,1
45,25,38.0,3.0,0
33,33,37.0,1.0,0
54,48,40.0,2.0,0
44,38,35.0,1.0,0
39,50,43.0,2.0,0
50,54,35.0,4.0,0
32,36,35.0,6.0,0
39,41,41.0,4.0,0
35,43,36.0,1.0,0
38,40,32.0,1.0,0
42,43,30.0,2.0,0
44,45,46.0,2.0,0
43,35,45.0,2.0,0
52,51,29.0,4.0,0
57,53,47.0,1.0,0
51,53,49.0,2.0,1
44,53,48.0,1.0,0
47,40,36.0,1.0,0
52,59,42.0,1.0,1
40,29,34.0,2.0,0
74,80,78.0,4.0,1
53,53,33.0,3.0,0
63,45,53.0,3.0,0
66,50,55.0,3.0,1
60,61,47.0,2.0,1
37,35,34.0,2.0,0
68,63,40.0,3.0,1
57,45,65.0,2.0,1
45,39,41.0,2.0,0
41,37,36.0,3.0,0
68,66,59.0,3.0,1
48,63,51.0,3.0,1
66,57,48.0,2.0,1
50,56,39.0,2.0,1
37,33,42.0,3.0,0
46,49,40.0,2.0,0
48,38,37.0,2.0,0
51,49,40.0,3.0,0
44,34,32.0,3.0,0
57,52,52.0,1.0,1
63,70,44.0,1.0,1
39,32,36.0,4.0,0
59,48,58.0,1.0,1
58,43,41.0,3.0,0
64,62,79.0,2.0,1
42,26,72.0,2.0,0
49,49,52.0,2.0,0
50,46,42.0,2.0,0
53,42,39.0,2.0,0
67,60,69.0,3.0,1
62,62,50.0,3.0,1
59,61,48.0,3.0,1
57,62,32.0,3.0,1
69,62,77.0,3.0,1
47,40,41.0,3.0,0
78,76,81.0,4.0,1
39,37,34.0,1.0,0
43,44,33.0,3.0,0
48,31,43.0,2.0,0
59,43,48.0,1.0,1
45,43,42.0,2.0,0
37,39,38.0,1.0,0
31,42,42.0,6.0,0
42,40,33.0,4.0,0
56,54,42.0,2.0,1
41,42,44.0,1.0,0
48,47,39.0,1.0,0
45,45,32.0,2.0,0
39,34,40.0,3.0,0
42,42,40.0,1.0,0
55,43,31.0,1.0,0
42,45,40.0,1.0,0
56,60,48.0,2.0,1
62,67,51.0,2.0,1
70,68,70.0,2.0,1
55,59,49.0,2.0,1
73,72,70.0,3.0,1
66,63,48.0,3.0,1
55,49,69.0,2.0,1
55,48,54.0,3.0,1
65,68,69.0,2.0,1
58,55,32.0,2.0,1
74,70,61.0,3.0,1
58,60,47.0,3.0,1
68,73,64.0,3.0,1
50,52,42.0,2.0,0
67,66,45.0,3.0,1
52,57,48.0,3.0,1
63,68,73.0,4.0,1
60,64,74.0,3.0,1
56,58,62.0,4.0,1
70,69,76.0,4.0,1
53,57,47.0,1.0,1
63,62,82.0,4.0,1
58,53,42.0,3.0,0
54,50,42.0,3.0,1
51,55,38.0,2.0,1
35,41,40.0,1.0,0
36,36,37.0,3.0,0
39,38,53.0,1.0,0
58,67,60.0,2.0,1
66,62,62.0,2.0,1
32,35,46.0,6.0,0
39,33,44.0,3.0,0
47,57,49.0,3.0,1
62,45,41.0,2.0,1
47,48,30.0,2.0,0
62,58,55.0,1.0,1
41,48,45.0,1.0,0
46,48,42.0,2.0,0
37,27,34.0,1.0,0
58,62,57.0,4.0,1
48,42,44.0,3.0,1
38,37,35.0,2.0,0
67,71,74.0,3.0,1
59,50,62.0,1.0,1
39,43,36.0,2.0,0
51,46,37.0,3.0,0
57,53,39.0,3.0,0
52,43,62.0,3.0,1
46,46,32.0,2.0,0
61,55,69.0,2.0,1
58,45,36.0,3.0,0
48,54,43.0,2.0,0
65,73,67.0,2.0,1
58,52,47.0,2.0,1
52,55,63.0,2.0,0
55,64,46.0,1.0,1
37,47,48.0,3.0,0
71,66,66.0,2.0,1
36,52,55.0,3.0,0
48,50,45.0,1.0,0
63,64,47.0,2.0,1
42,45,59.0,1.0,0
48,49,45.0,1.0,0
58,56,46.0,2.0,1
62,59,72.0,1.0,1
40,30,42.0,3.0,0
60,58,50.0,1.0,1
57,55,61.0,1.0,1
40,57,39.0,1.0,0
50,47,39.0,3.0,0
66,45,46.0,1.0,1
58,37,34.0,4.0,0
52,55,41.0,2.0,0
40,34,35.0,3.0,0
61,66,0.0,3.0,1
53,55,44.0,1.0,0
45,39,37.0,3.0,0
48,43,48.0,2.0,0
49,44,45.0,1.0,0
44,36,0.0,2.0,0
35,34,38.0,2.0,0
54,47,57.0,1.0,1
47,34,31.0,2.0,0
55,43,47.0,4.0,0
46,53,48.0,2.0,1
44,44,33.0,2.0,0
52,42,52.0,3.0,0
47,38,39.0,2.0,0
45,50,37.0,2.0,0
33,33,35.0,2.0,0
39,32,33.0,1.0,0
66,57,34.0,3.0,1
57,43,48.0,2.0,1
54,40,39.0,3.0,0
63,58,66.0,2.0,1
61,49,70.0,4.0,1
47,61,53.0,3.0,1
64,81,58.0,3.0,1
65,62,62.0,3.0,1
46,54,43.0,1.0,0
50,61,42.0,2.0,1
58,53,43.0,2.0,1
44,43,45.0,2.0,0
57,54,42.0,2.0,1
54,51,45.0,2.0,1
64,57,49.0,2.0,1
45,41,38.0,1.0,0
36,41,31.0,2.0,0
37,31,38.0,2.0,0
43,42,50.0,1.0,0
44,41,30.0,1.0,0
51,44,39.0,1.0,0
53,55,41.0,2.0,1
62,45,52.0,3.0,1
57,63,58.0,3.0,1
54,67,59.0,3.0,1
48,55,42.0,1.0,1
48,58,52.0,4.0,0
57,56,47.0,2.0,1
54,43,45.0,2.0,0
54,46,41.0,3.0,1
37,43,34.0,2.0,0
49,39,42.0,2.0,0
58,55,46.0,1.0,1
62,61,52.0,1.0,1
37,45,51.0,1.0,0
47,53,40.0,1.0,0
71,70,70.0,1.0,1
46,49,46.0,1.0,0
69,57,52.0,3.0,1
56,49,54.0,2.0,1
36,40,39.0,2.0,0
55,50,69.0,1.0,1
60,49,53.0,1.0,1
54,58,42.0,1.0,1
49,34,40.0,1.0,0
50,38,33.0,1.0,0
50,46,45.0,1.0,0
50,33,37.0,1.0,0
60,60,56.0,1.0,1
57,52,43.0,1.0,1
40,43,44.0,1.0,0
47,36,38.0,2.0,0
51,47,47.0,2.0,0
34,39,46.0,2.0,0
53,54,50.0,1.0,1
57,53,61.0,2.0,1
52,55,53.0,2.0,1
61,51,39.0,2.0,1
40,55,33.0,3.0,0
38,27,52.0,3.0,0
61,59,57.0,3.0,1
44,42,40.0,1.0,0
51,55,42.0,1.0,0
49,50,43.0,3.0,0
59,63,46.0,3.0,1
49,52,42.0,2.0,0
61,64,54.0,3.0,1
57,60,56.0,2.0,1
60,56,47.0,3.0,1
59,60,76.0,2.0,1
53,55,62.0,2.0,1
70,71,71.0,3.0,1
53,71,55.0,2.0,1
45,40,49.0,1.0,0
55,66,52.0,1.0,1
55,55,62.0,3.0,1
63,63,71.0,2.0,1
51,46,47.0,1.0,0
59,56,51.0,2.0,1
40,51,50.0,3.0,0
57,52,55.0,1.0,1
37,53,47.0,2.0,0
73,80,64.0,3.0,1
58,38,31.0,3.0,0
56,45,54.0,3.0,1
55,53,43.0,3.0,1
61,56,63.0,2.0,1
43,57,52.0,2.0,0
47,60,43.0,1.0,0
59,62,50.0,2.0,1
39,48,44.0,3.0,0
54,54,36.0,2.0,0
38,50,41.0,1.0,0
51,54,46.0,1.0,0
55,56,54.0,2.0,1
44,46,33.0,1.0,0
44,25,29.0,1.0,0
56,53,47.0,2.0,1
45,39,44.0,1.0,0
66,74,68.0,1.0,1
51,56,47.0,2.0,0
53,48,41.0,2.0,0
37,43,37.0,1.0,0
45,37,34.0,2.0,0
59,45,50.0,2.0,1
40,35,44.0,1.0,0
52,56,42.0,1.0,1
62,51,45.0,2.0,1
68,56,48.0,3.0,1
35,36,45.0,3.0,0
40,39,43.0,4.0,0
50,55,41.0,2.0,1
71,64,68.0,2.0,1
53,53,45.0,1.0,1
66,43,42.0,2.0,0
53,47,41.0,1.0,0
70,53,50.0,3.0,1
54,29,37.0,1.0,0
47,46,38.0,1.0,0
72,73,100.0,5.0,1
49,48,52.0,3.0,0
51,65,29.0,3.0,1
42,51,42.0,1.0,0
52,50,51.0,5.0,0
41,41,52.0,1.0,0
49,45,41.0,3.0,0
44,39,40.0,2.0,0
58,63,51.0,3.0,1
70,54,65.0,4.0,1
66,60,38.0,2.0,1
40,46,39.0,3.0,0
65,76,70.0,1.0,1
35,51,44.0,2.0,0
39,32,39.0,1.0,0
50,48,48.0,3.0,0
42,40,35.0,1.0,0
56,56,50.0,2.0,1
65,69,70.0,2.0,1
49,46,40.0,3.0,0
61,52,58.0,2.0,1
54,47,48.0,2.0,1
41,37,39.0,2.0,0
47,51,43.0,2.0,0
47,53,38.0,2.0,0
61,22,61.0,1.0,0
46,39,37.0,2.0,0
44,32,42.0,6.0,0
62,63,69.0,2.0,1
46,34,39.0,2.0,0
65,60,47.0,1.0,1
55,37,46.0,3.0,0
50,43,37.0,3.0,0
46,45,34.0,3.0,0
59,55,42.0,1.0,1
56,44,49.0,1.0,1
54,45,49.0,3.0,1
56,59,57.0,3.0,1
73,68,79.0,3.0,1
52,44,62.0,3.0,0
62,59,50.0,1.0,1
50,52,53.0,1.0,1
63,61,55.0,2.0,1
41,44,52.0,2.0,0
41,43,46.0,2.0,0
54,57,47.0,3.0,1
46,51,50.0,1.0,0
51,53,40.0,2.0,1
52,61,58.0,1.0,1
55,50,48.0,1.0,1
43,62,46.0,1.0,1
46,51,50.0,1.0,0
61,50,43.0,1.0,1
57,43,37.0,2.0,0
48,53,42.0,1.0,0
51,63,32.0,1.0,0
54,47,41.0,1.0,0
44,47,34.0,1.0,0
46,51,39.0,1.0,0
50,53,44.0,3.0,0
39,48,43.0,1.0,0
53,63,37.0,2.0,1
41,45,38.0,1.0,0
74,68,71.0,5.0,1
43,48,43.0,2.0,0
59,59,64.0,1.0,1
60,65,50.0,3.0,1
43,39,49.0,2.0,0
42,35,39.0,2.0,0
52,54,36.0,1.0,0
46,52,33.0,2.0,0
57,45,70.0,2.0,1
43,50,38.0,1.0,0
63,59,55.0,1.0,1
61,52,55.0,2.0,0
52,61,40.0,2.0,1
50,52,46.0,1.0,0
56,59,51.0,1.0,1
62,47,38.0,1.0,0
48,47,38.0,3.0,0
52,44,46.0,2.0,0
48,33,43.0,1.0,0
47,44,39.0,1.0,0
52,30,31.0,2.0,0
49,51,41.0,2.0,0
53,44,31.0,2.0,0
60,51,45.0,3.0,0
38,39,43.0,1.0,0
57,31,41.0,2.0,0
56,47,33.0,2.0,0
41,45,38.0,2.0,0
43,60,43.0,2.0,1
47,44,45.0,3.0,0
39,37,37.0,1.0,0
38,36,57.0,3.0,0
70,69,48.0,2.0,1
48,50,35.0,2.0,0
59,55,54.0,2.0,1
55,46,38.0,5.0,0
48,35,36.0,1.0,0
46,42,42.0,3.0,0
39,53,38.0,2.0,0
56,67,61.0,2.0,1
42,36,39.0,2.0,0
46,49,33.0,2.0,0
68,73,64.0,4.0,1
51,62,59.0,2.0,1
63,57,49.0,2.0,1
73,68,76.0,1.0,1
50,57,51.0,2.0,0
45,30,54.0,2.0,0
54,47,47.0,2.0,0
47,59,36.0,2.0,0
60,57,41.0,1.0,1
55,41,47.0,2.0,0
40,34,41.0,3.0,0
60,54,45.0,2.0,1
59,59,53.0,1.0,1
61,51,67.0,2.0,1
53,55,41.0,1.0,0
65,69,44.0,5.0,1
60,66,48.0,3.0,1
54,60,56.0,1.0,1
61,66,65.0,1.0,1
57,53,56.0,1.0,1
46,57,48.0,2.0,1
63,75,54.0,1.0,1
64,69,62.0,2.0,1
66,60,42.0,1.0,1
58,38,42.0,1.0,0
51,55,45.0,2.0,0
52,54,44.0,1.0,1
45,34,49.0,3.0,0
57,48,53.0,2.0,1
38,26,37.0,1.0,0
56,53,47.0,1.0,1
42,47,46.0,3.0,0
47,42,40.0,3.0,0
36,49,34.0,2.0,0
58,62,46.0,2.0,1
64,76,57.0,2.0,1
49,47,45.0,2.0,0
54,45,41.0,1.0,0
51,63,48.0,2.0,1
70,74,41.0,1.0,1
55,57,55.0,1.0,1
63,60,41.0,1.0,1
44,40,39.0,1.0,0
100,65,58.0,1.0,1
49,53,37.0,1.0,1
53,61,49.0,1.0,1
45,55,38.0,1.0,0
58,72,51.0,1.0,1
48,41,43.0,2.0,0
52,61,33.0,1.0,0
48,52,38.0,2.0,1
72,68,72.0,3.0,1
65,68,58.0,2.0,1
52,71,48.0,2.0,1
61,59,41.0,1.0,1
38,32,45.0,2.0,0
61,64,65.0,2.0,1
77,51,41.0,1.0,1
52,46,35.0,1.0,0
59,59,48.0,3.0,1
67,67,50.0,2.0,1
54,54,32.0,2.0,0
56,45,38.0,2.0,0
41,52,34.0,1.0,0
47,70,53.0,2.0,1
49,57,50.0,3.0,0
39,38,44.0,2.0,0
58,66,47.0,2.0,1
38,35,46.0,3.0,0
52,31,56.0,2.0,0
62,56,59.0,2.0,1
58,49,48.0,2.0,1
37,33,29.0,2.0,0
65,65,62.0,1.0,1
63,55,43.0,5.0,1
64,55,67.0,3.0,1
49,47,36.0,1.0,0
46,36,35.0,1.0,0
42,54,58.0,2.0,0
32,39,44.0,2.0,0
37,36,35.0,3.0,0
57,51,56.0,1.0,1
56,51,46.0,2.0,1
49,55,41.0,2.0,1
54,57,46.0,2.0,1
33,57,48.0,1.0,0
45,44,40.0,5.0,0
53,64,61.0,2.0,1
55,54,48.0,1.0,1
47,29,57.0,1.0,0
54,61,45.0,2.0,1
52,52,52.0,1.0,0
44,37,44.0,2.0,0
48,44,55.0,2.0,0
55,37,48.0,1.0,0
60,39,53.0,2.0,1
48,42,44.0,1.0,0
69,68,70.0,4.0,1
59,65,55.0,3.0,1
46,45,53.0,3.0,0
64,52,71.0,3.0,1
55,56,44.0,1.0,1
71,52,50.0,1.0,1
42,33,35.0,1.0,0
30,26,42.0,4.0,0
37,35,34.0,3.0,0
30,39,29.0,3.0,0
51,49,44.0,1.0,1
37,33,32.0,1.0,0
60,57,62.0,1.0,1
60,51,47.0,1.0,1
33,32,42.0,2.0,0
61,67,45.0,1.0,1
45,52,39.0,2.0,0
49,52,39.0,1.0,0
55,51,52.0,1.0,0
55,47,40.0,3.0,0
64,65,68.0,1.0,1
76,66,57.0,1.0,1
46,53,39.0,2.0,0
56,62,56.0,1.0,1
61,71,51.0,2.0,1
68,72,66.0,1.0,1
64,51,52.0,1.0,1
52,42,50.0,1.0,1
63,49,40.0,1.0,1
53,53,42.0,1.0,1
39,45,44.0,1.0,0
62,66,56.0,2.0,1
55,35,43.0,3.0,0
42,46,35.0,2.0,0
60,73,53.0,2.0,1
56,38,47.0,1.0,0
58,70,45.0,1.0,1
58,61,46.0,3.0,1
70,79,65.0,2.0,1
61,70,60.0,4.0,1
68,53,53.0,2.0,1
54,56,52.0,2.0,1
70,75,49.0,1.0,1
59,66,55.0,2.0,1
56,52,50.0,2.0,1
65,59,53.0,4.0,1
62,68,76.0,3.0,1
58,67,49.0,2.0,1
38,34,45.0,1.0,0
48,46,50.0,3.0,0
41,38,50.0,3.0,0
56,62,50.0,5.0,1
40,42,40.0,1.0,0
46,59,53.0,2.0,1
45,44,39.0,2.0,0
40,32,44.0,2.0,0
70,52,40.0,3.0,1
46,47,46.0,3.0,0
38,42,34.0,1.0,0
35,41,40.0,1.0,0
54,46,46.0,2.0,0
46,35,39.0,2.0,0
67,74,80.0,4.0,1
66,54,48.0,1.0,1
46,49,37.0,1.0,0
58,64,48.0,3.0,1
52,56,53.0,2.0,1
45,41,43.0,1.0,0
55,48,52.0,1.0,1
46,38,45.0,4.0,0
48,48,34.0,2.0,0
46,42,48.0,2.0,0
44,40,41.0,4.0,0
58,51,50.0,2.0,1
55,49,45.0,2.0,1
51,58,44.0,1.0,1
38,47,47.0,1.0,0
37,41,38.0,1.0,0
59,50,47.0,3.0,1
56,58,56.0,2.0,1
46,50,37.0,2.0,0
62,42,57.0,2.0,1
50,43,44.0,2.0,0
44,47,45.0,1.0,0
57,67,48.0,1.0,1
48,52,30.0,2.0,0
57,54,44.0,1.0,1
59,62,39.0,2.0,1
32,46,40.0,3.0,0
69,63,46.0,3.0,1
41,30,49.0,2.0,0
49,51,52.0,2.0,0
38,44,32.0,1.0,0
55,65,55.0,1.0,1
44,46,46.0,2.0,0
45,37,43.0,2.0,0
61,59,40.0,3.0,1
56,52,35.0,3.0,0
43,47,42.0,3.0,0
54,52,46.0,1.0,1
64,67,56.0,2.0,1
62,74,51.0,1.0,1
70,70,72.0,2.0,1
62,51,41.0,2.0,0
58,41,50.0,2.0,1
56,54,39.0,3.0,0
58,29,37.0,2.0,0
48,56,65.0,2.0,1
37,41,49.0,3.0,0
51,47,35.0,1.0,0
58,44,40.0,2.0,1
70,80,51.0,2.0,1
55,54,51.0,1.0,1
59,59,32.0,2.0,1
50,56,43.0,1.0,0
67,48,40.0,1.0,0
56,59,46.0,1.0,1
44,45,57.0,2.0,0
61,55,64.0,2.0,1
48,51,49.0,2.0,0
48,36,40.0,2.0,0
48,39,44.0,2.0,0
49,52,33.0,2.0,0
66,63,62.0,2.0,1
57,50,45.0,2.0,1
51,58,51.0,2.0,1
40,37,45.0,1.0,0
50,55,40.0,2.0,0
47,30,41.0,1.0,0
65,72,53.0,3.0,1
42,40,44.0,2.0,0
57,58,46.0,2.0,1
46,36,35.0,1.0,0
57,56,59.0,2.0,1
59,50,51.0,2.0,1
54,53,40.0,2.0,0
57,61,56.0,2.0,1
51,33,44.0,1.0,0
75,63,74.0,1.0,1
40,55,41.0,1.0,0
67,63,53.0,1.0,1
44,58,35.0,1.0,0
56,60,40.0,1.0,1
39,55,42.0,2.0,0
59,62,41.0,2.0,1
50,47,34.0,1.0,0
45,51,39.0,2.0,0
55,41,34.0,1.0,0
56,56,49.0,2.0,1
34,38,45.0,2.0,0
54,48,50.0,2.0,0
66,26,45.0,3.0,1
48,63,53.0,5.0,1
62,61,54.0,6.0,1
62,53,54.0,2.0,1
45,59,47.0,3.0,1
48,38,29.0,1.0,0
62,56,67.0,4.0,1
51,60,49.0,2.0,1
61,63,84.0,6.0,1
43,61,66.0,6.0,1
61,59,68.0,4.0,1
58,69,54.0,2.0,1
64,59,47.0,3.0,1
68,71,77.0,4.0,1
49,52,52.0,2.0,1
43,31,30.0,3.0,0
50,45,51.0,1.0,0
38,44,30.0,3.0,0
58,42,52.0,2.0,0
48,52,39.0,3.0,0
47,48,41.0,2.0,0
46,35,47.0,2.0,0
59,58,37.0,1.0,1
39,28,47.0,1.0,0
46,41,34.0,1.0,0
57,59,63.0,1.0,1
50,47,46.0,4.0,0
55,62,46.0,1.0,1
48,39,53.0,1.0,0
58,64,51.0,4.0,1
51,63,53.0,2.0,1
33,22,41.0,3.0,0
38,52,38.0,2.0,0
51,44,38.0,2.0,0
50,62,42.0,4.0,1
54,63,57.0,3.0,1
69,64,69.0,3.0,1
47,41,29.0,3.0,0
69,74,33.0,5.0,1
66,61,54.0,1.0,1
37,33,51.0,2.0,0
63,60,68.0,3.0,1
61,55,48.0,3.0,1
71,56,43.0,1.0,1
58,68,66.0,3.0,1
53,72,51.0,3.0,1
68,64,79.0,4.0,0
54,24,43.0,3.0,0
39,44,33.0,2.0,0
64,64,39.0,1.0,1
51,60,40.0,3.0,1
70,66,52.0,2.0,1
57,44,42.0,4.0,1
52,44,47.0,2.0,0
43,49,42.0,3.0,0
54,54,42.0,2.0,1
46,33,39.0,3.0,0
47,37,43.0,2.0,0
43,48,41.0,2.0,0
53,55,52.0,2.0,1
60,56,54.0,2.0,1
51,47,43.0,3.0,1
57,51,55.0,3.0,1
58,61,64.0,3.0,1
47,45,40.0,3.0,0
59,62,51.0,3.0,1
58,58,47.0,3.0,1
58,56,33.0,2.0,1
64,60,70.0,3.0,1
51,34,52.0,3.0,0
27,28,34.0,2.0,0
38,26,41.0,2.0,0
37,49,42.0,3.0,0
39,36,35.0,2.0,0
52,57,41.0,3.0,1
43,37,47.0,3.0,0
44,52,49.0,1.0,0
47,27,37.0,3.0,0
43,45,48.0,4.0,0
52,44,33.0,2.0,0
37,39,39.0,1.0,0
52,50,40.0,3.0,0
41,43,33.0,2.0,0
55,46,57.0,1.0,1
39,36,32.0,3.0,0
53,43,50.0,4.0,0
45,45,36.0,2.0,0
53,46,47.0,2.0,1
56,61,39.0,2.0,1
53,53,47.0,2.0,1
58,55,49.0,1.0,1
50,37,36.0,1.0,0
42,40,31.0,1.0,0
59,53,42.0,1.0,1
37,42,44.0,4.0,0
44,41,31.0,1.0,0
51,36,37.0,3.0,0
60,52,35.0,1.0,0
48,34,38.0,1.0,0
41,36,34.0,3.0,0
46,57,36.0,1.0,0
59,60,46.0,1.0,1
52,41,47.0,1.0,0
27,45,40.0,1.0,0
38,39,32.0,2.0,0
52,51,40.0,3.0,0
51,49,34.0,2.0,0
52,40,45.0,2.0,0
60,35,45.0,2.0,0
56,54,50.0,2.0,1
59,65,54.0,1.0,1
43,47,45.0,1.0,0
48,63,53.0,2.0,1
48,65,51.0,1.0,1
48,49,49.0,2.0,0
50,53,40.0,4.0,0
50,58,46.0,2.0,1
63,62,59.0,1.0,1
65,65,46.0,1.0,1
51,47,36.0,1.0,0
47,49,41.0,2.0,0
40,57,45.0,2.0,0
60,53,46.0,2.0,1
48,39,49.0,1.0,0
51,45,34.0,3.0,0
42,31,38.0,1.0,0
46,40,38.0,3.0,0
35,35,48.0,1.0,0
41,32,45.0,1.0,0
55,46,37.0,1.0,0
51,41,49.0,1.0,0
52,47,38.0,3.0,1
40,43,37.0,4.0,0
55,43,37.0,3.0,0
47,43,32.0,1.0,0
47,40,45.0,1.0,0
61,44,47.0,2.0,1
36,38,33.0,3.0,0
38,42,48.0,2.0,0
29,30,30.0,2.0,0
41,36,34.0,2.0,0
51,46,37.0,2.0,0
47,38,45.0,1.0,0
49,33,44.0,3.0,0
63,61,50.0,2.0,1
59,49,49.0,2.0,1
55,41,44.0,2.0,0
49,33,42.0,3.0,0
77,70,64.0,1.0,1
43,40,45.0,1.0,0
59,60,58.0,4.0,1
39,47,38.0,1.0,0
66,56,40.0,3.0,1
51,36,47.0,1.0,0
52,44,49.0,4.0,0
57,55,48.0,3.0,1
56,62,63.0,5.0,1
49,50,42.0,2.0,0
49,45,37.0,3.0,0
68,54,64.0,4.0,1
67,64,49.0,3.0,1
44,26,53.0,1.0,0
55,57,59.0,3.0,1
74,100,74.0,3.0,1
57,62,43.0,2.0,1
60,58,48.0,3.0,1
60,57,49.0,3.0,1
69,62,54.0,2.0,1
62,71,61.0,2.0,1
52,54,51.0,4.0,0
37,47,63.0,3.0,0
51,54,43.0,2.0,0
39,35,41.0,2.0,0
46,47,39.0,1.0,0
68,61,50.0,3.0,1
39,56,52.0,3.0,0
42,41,40.0,3.0,0
50,58,52.0,2.0,1
41,45,40.0,2.0,0
55,48,42.0,2.0,0
44,34,37.0,3.0,0
62,60,48.0,3.0,1
41,52,37.0,2.0,0
54,53,44.0,3.0,0
53,57,51.0,3.0,1
47,52,48.0,2.0,1
51,58,44.0,1.0,1
43,43,43.0,1.0,0
65,51,59.0,2.0,1
57,56,46.0,2.0,1
54,51,32.0,1.0,1
57,43,58.0,1.0,1
60,59,41.0,2.0,1
51,51,41.0,1.0,1
50,58,47.0,3.0,1
59,45,43.0,1.0,0
61,59,50.0,2.0,1
70,68,42.0,2.0,1
42,55,38.0,1.0,0
62,58,41.0,1.0,1
56,71,100.0,2.0,1
71,62,71.0,2.0,1
60,66,58.0,2.0,1
37,37,42.0,2.0,0
55,46,68.0,2.0,1
58,61,49.0,2.0,1
67,61,76.0,1.0,1
60,73,52.0,1.0,1
51,50,46.0,2.0,0
36,26,39.0,2.0,0
65,47,46.0,1.0,1
47,46,41.0,3.0,0
71,68,67.0,2.0,1
33,20,41.0,1.0,0
45,48,38.0,2.0,0
59,71,49.0,2.0,1
67,72,54.0,2.0,1
50,72,66.0,3.0,1
61,55,59.0,3.0,1
58,46,43.0,2.0,0
46,50,34.0,1.0,0
56,45,34.0,2.0,0
64,59,53.0,1.0,1
42,40,40.0,2.0,0
40,39,38.0,3.0,0
43,35,50.0,2.0,0
56,50,29.0,2.0,0
56,48,36.0,2.0,0
42,45,38.0,1.0,0
54,31,56.0,3.0,0
56,48,30.0,2.0,1
51,47,53.0,2.0,1
49,50,47.0,2.0,1
50,55,45.0,3.0,0
65,55,68.0,3.0,1
49,42,41.0,2.0,0
65,53,70.0,2.0,1
61,62,63.0,3.0,1
40,56,44.0,1.0,0
41,39,37.0,2.0,0
57,55,38.0,2.0,1
41,39,33.0,1.0,0
53,57,45.0,2.0,0
39,28,38.0,1.0,0
57,52,39.0,1.0,1
50,45,52.0,3.0,0
74,67,67.0,2.0,1
35,40,43.0,2.0,0
45,58,53.0,1.0,0
47,46,48.0,1.0,0
35,38,36.0,3.0,0
50,51,62.0,1.0,1
47,47,43.0,3.0,0
40,49,44.0,5.0,0
55,59,50.0,2.0,1
39,44,43.0,3.0,0
51,33,40.0,1.0,0
50,59,45.0,2.0,1
71,57,60.0,1.0,1
47,34,33.0,2.0,0
56,53,43.0,3.0,1
47,38,51.0,3.0,0
39,35,47.0,2.0,0
47,43,45.0,3.0,0
50,42,35.0,2.0,0
59,60,55.0,4.0,1
64,56,65.0,3.0,1
69,61,60.0,3.0,1
54,61,44.0,3.0,1
62,47,58.0,3.0,1
64,63,46.0,3.0,1
64,66,71.0,4.0,1
62,69,70.0,4.0,1
47,50,40.0,6.0,0
63,65,52.0,2.0,1
71,71,69.0,3.0,1
47,52,45.0,1.0,0
38,36,35.0,5.0,0
39,45,34.0,1.0,0
38,40,33.0,1.0,0
54,34,48.0,2.0,0
65,49,39.0,1.0,1
52,56,49.0,1.0,1
37,43,42.0,1.0,0
52,53,59.0,1.0,1
67,55,49.0,2.0,1
46,37,47.0,1.0,0
39,33,43.0,1.0,0
52,43,39.0,1.0,0
50,51,53.0,1.0,1
48,33,41.0,2.0,0
51,58,30.0,1.0,0
52,45,42.0,1.0,0
39,41,42.0,1.0,0
55,60,51.0,3.0,1
59,64,52.0,2.0,1
55,62,55.0,2.0,1
60,64,61.0,2.0,1
60,53,46.0,2.0,1
41,48,43.0,3.0,0
52,48,54.0,2.0,0
46,56,39.0,3.0,0
62,53,41.0,2.0,1
53,52,58.0,3.0,0
53,59,43.0,2.0,1
54,54,38.0,3.0,1
65,62,57.0,3.0,1
56,61,49.0,3.0,1
61,73,54.0,3.0,1
54,46,36.0,2.0,1
53,50,42.0,3.0,0
58,60,44.0,2.0,1
57,68,54.0,2.0,1
60,58,65.0,2.0,1
54,57,56.0,1.0,1
54,59,52.0,2.0,1
62,60,37.0,1.0,1
58,57,37.0,1.0,1
73,70,51.0,1.0,1
43,25,35.0,3.0,0
42,44,47.0,3.0,0
52,40,37.0,1.0,0
56,33,30.0,2.0,0
54,64,42.0,1.0,1
52,31,46.0,2.0,0
45,33,37.0,1.0,0
56,55,53.0,1.0,1
54,35,49.0,3.0,0
55,54,45.0,3.0,1
45,45,46.0,2.0,0
46,49,38.0,1.0,0
34,40,41.0,4.0,0
56,51,45.0,3.0,1
37,44,30.0,3.0,0
62,51,50.0,2.0,1
38,42,35.0,3.0,0
48,47,53.0,3.0,0
37,35,48.0,2.0,0
48,52,51.0,3.0,0
43,41,35.0,3.0,0
40,28,33.0,2.0,0
46,46,44.0,2.0,0
46,46,37.0,3.0,0
37,39,32.0,3.0,0
36,35,36.0,1.0,0
45,28,36.0,1.0,0
45,40,38.0,3.0,0
55,52,33.0,2.0,0
65,58,42.0,2.0,1
64,70,46.0,1.0,1
51,51,40.0,3.0,0
63,52,74.0,2.0,1
55,55,46.0,2.0,0
73,57,57.0,3.0,1
59,66,63.0,2.0,1
52,45,41.0,1.0,0
62,68,59.0,3.0,1
54,44,40.0,3.0,0
52,60,45.0,3.0,1
44,48,48.0,3.0,0
57,57,53.0,3.0,1
64,66,70.0,1.0,1
60,55,53.0,2.0,1
43,50,40.0,1.0,0
60,58,46.0,3.0,1
67,79,72.0,2.0,1
49,50,48.0,2.0,0
45,49,47.0,3.0,0
54,67,42.0,1.0,1
44,44,45.0,3.0,0
48,40,39.0,2.0,0
51,49,32.0,2.0,0
43,44,43.0,2.0,0
46,50,35.0,2.0,0
47,54,49.0,1.0,0
45,44,45.0,2.0,0
49,62,49.0,1.0,0
54,55,52.0,2.0,0
53,53,36.0,2.0,0
65,61,45.0,1.0,1
61,55,44.0,2.0,1
47,41,43.0,1.0,0
48,50,38.0,2.0,0
51,57,56.0,2.0,1
47,38,43.0,2.0,0
50,43,41.0,2.0,0
57,39,41.0,1.0,1
44,49,53.0,1.0,0
57,44,43.0,1.0,0
49,51,37.0,2.0,0
67,71,68.0,3.0,1
38,35,43.0,3.0,0
55,55,70.0,3.0,1
72,54,59.0,1.0,1
34,28,42.0,1.0,0
64,56,57.0,2.0,1
39,37,38.0,2.0,0
60,55,36.0,1.0,1
45,40,37.0,2.0,0
37,43,31.0,3.0,0
58,65,64.0,1.0,1
57,55,45.0,1.0,1
64,50,47.0,1.0,1
67,56,44.0,1.0,1
55,42,47.0,1.0,1
61,60,54.0,2.0,1
33,37,34.0,6.0,0
36,36,31.0,1.0,0
39,43,33.0,4.0,0
29,34,38.0,1.0,0
39,37,33.0,1.0,0
37,39,52.0,2.0,0
43,40,32.0,6.0,0
35,33,46.0,2.0,0
46,48,40.0,2.0,0
36,37,47.0,2.0,0
50,46,42.0,1.0,0
78,72,70.0,3.0,1
52,61,48.0,4.0,1
45,38,44.0,3.0,0
54,56,46.0,3.0,1
50,38,44.0,2.0,0
33,44,41.0,2.0,0
45,45,46.0,1.0,0
53,60,49.0,2.0,1
39,45,45.0,2.0,0
51,48,38.0,2.0,0
41,40,43.0,2.0,0
36,37,42.0,2.0,0
64,60,59.0,1.0,1
59,63,47.0,2.0,1
49,57,49.0,2.0,0
64,60,44.0,1.0,1
55,54,42.0,2.0,1
37,47,47.0,1.0,0
57,54,63.0,2.0,1
49,37,40.0,1.0,0
56,53,51.0,1.0,1
41,38,31.0,1.0,0
55,54,40.0,1.0,1
54,45,52.0,1.0,0
64,59,60.0,2.0,1
34,47,35.0,1.0,0
37,39,31.0,1.0,0
54,38,44.0,1.0,0
59,53,54.0,2.0,1
45,32,33.0,1.0,0
32,43,44.0,2.0,0
69,59,51.0,1.0,1
49,43,42.0,1.0,0
50,54,42.0,2.0,0
47,43,35.0,1.0,0
64,45,41.0,3.0,0
54,36,40.0,3.0,0
50,48,47.0,2.0,0
47,49,44.0,1.0,0
50,54,51.0,1.0,1
44,37,45.0,3.0,0
39,47,38.0,1.0,0
37,46,31.0,1.0,0
51,57,49.0,4.0,1
52,49,32.0,2.0,0
48,46,43.0,3.0,0
67,62,53.0,1.0,1
47,53,40.0,3.0,0
44,37,47.0,1.0,0
40,51,44.0,2.0,0
41,34,38.0,2.0,0
47,54,40.0,1.0,0
60,59,41.0,1.0,1
38,28,32.0,1.0,0
49,49,40.0,3.0,0
44,50,28.0,2.0,0
47,33,36.0,1.0,0
62,71,29.0,1.0,1
37,36,39.0,1.0,0
37,24,33.0,1.0,0
49,46,31.0,2.0,0
47,43,37.0,1.0,0
51,44,36.0,3.0,0
43,45,38.0,3.0,0
70,62,59.0,3.0,1
61,64,76.0,3.0,1
37,37,39.0,2.0,0
48,48,53.0,1.0,0
61,54,57.0,2.0,1
53,49,48.0,2.0,0
43,41,44.0,2.0,0
45,41,32.0,1.0,0
43,36,37.0,2.0,0
42,38,46.0,2.0,0
29,30,47.0,3.0,0
37,44,52.0,1.0,0
59,53,44.0,2.0,1
40,49,44.0,2.0,0
40,57,40.0,2.0,0
58,51,43.0,2.0,0
38,29,30.0,3.0,0
48,43,43.0,2.0,0
52,56,51.0,2.0,0
57,64,71.0,2.0,1
63,62,69.0,5.0,1
51,53,30.0,1.0,0
55,48,39.0,1.0,1
46,43,36.0,1.0,0
51,43,40.0,1.0,0
33,23,34.0,1.0,0
55,61,44.0,1.0,1
60,55,45.0,2.0,1
35,31,36.0,2.0,0
36,35,43.0,2.0,0
32,51,42.0,2.0,0
38,36,42.0,1.0,0
47,42,49.0,1.0,0
47,33,30.0,2.0,0
50,49,44.0,1.0,1
50,36,40.0,1.0,0
69,60,51.0,3.0,1
59,52,44.0,2.0,1
47,52,43.0,3.0,0
46,41,41.0,1.0,0
59,67,70.0,3.0,1
61,59,66.0,2.0,1
53,65,54.0,3.0,1
71,63,72.0,3.0,1
48,53,40.0,1.0,0
56,51,47.0,2.0,1
57,58,40.0,3.0,1
56,49,37.0,2.0,0
57,51,41.0,1.0,1
61,52,51.0,6.0,1
71,70,79.0,2.0,1
58,37,35.0,2.0,0
56,41,51.0,1.0,0
55,49,53.0,2.0,1
44,34,46.0,2.0,0
58,61,54.0,3.0,1
42,33,37.0,3.0,0
60,49,52.0,1.0,1
65,62,50.0,2.0,1
50,60,51.0,1.0,1
60,71,58.0,1.0,1
45,46,45.0,1.0,0
55,64,47.0,2.0,1
47,48,34.0,1.0,0
66,58,51.0,1.0,1
50,36,39.0,1.0,0
46,52,43.0,1.0,0
54,64,50.0,3.0,1
46,35,45.0,3.0,0
61,58,66.0,2.0,1
41,26,37.0,2.0,0
42,48,55.0,2.0,0
71,57,51.0,1.0,1
59,55,40.0,2.0,1
71,41,43.0,2.0,1
68,71,71.0,1.0,1
71,63,66.0,2.0,1
58,64,73.0,1.0,1
43,32,41.0,1.0,0
50,48,38.0,1.0,0
49,38,40.0,2.0,0
44,35,48.0,4.0,0
32,35,38.0,2.0,0
36,31,29.0,2.0,0
47,39,36.0,2.0,0
62,55,45.0,1.0,0
57,56,34.0,2.0,1
44,34,38.0,1.0,0
37,56,37.0,1.0,0
33,26,40.0,1.0,0
44,47,42.0,1.0,0
55,47,62.0,1.0,0
44,39,42.0,2.0,0
29,48,44.0,2.0,0
52,57,42.0,1.0,0
52,55,37.0,2.0,0
48,32,30.0,2.0,0
29,54,53.0,3.0,0
53,43,59.0,3.0,0
63,55,52.0,3.0,1
43,51,50.0,2.0,0
40,40,41.0,3.0,0
45,40,43.0,2.0,0
54,50,37.0,1.0,0
46,28,48.0,3.0,0
72,66,48.0,2.0,1
36,39,46.0,4.0,0
63,60,41.0,1.0,1
49,46,46.0,5.0,0
47,40,42.0,1.0,0
55,47,40.0,1.0,0
39,41,43.0,2.0,0
46,44,48.0,1.0,0
65,46,55.0,3.0,1
58,49,52.0,1.0,0
40,34,40.0,1.0,0
42,47,48.0,1.0,0
43,56,37.0,1.0,0
53,64,44.0,2.0,1
62,52,43.0,2.0,1
63,57,40.0,3.0,1
44,53,47.0,2.0,0
52,52,38.0,3.0,0
51,55,49.0,1.0,1
52,44,31.0,3.0,0
38,35,38.0,1.0,0
63,52,46.0,2.0,1
52,64,55.0,2.0,1
66,63,64.0,2.0,1
48,37,37.0,2.0,0
51,51,44.0,3.0,0
40,47,52.0,1.0,0
62,60,44.0,2.0,1
65,57,71.0,2.0,1
64,62,57.0,1.0,1
55,68,52.0,2.0,1
68,68,52.0,3.0,1
60,58,70.0,4.0,1
68,77,76.0,2.0,1
56,63,54.0,3.0,1
68,75,75.0,1.0,1
63,100,64.0,4.0,1
65,64,73.0,3.0,1
73,74,55.0,2.0,1
55,67,52.0,2.0,1
54,69,100.0,3.0,1
73,71,86.0,3.0,1
54,47,50.0,2.0,0
60,53,45.0,2.0,1
47,54,45.0,1.0,0
47,45,36.0,3.0,0
60,40,47.0,3.0,0
56,62,42.0,4.0,1
44,25,49.0,3.0,0
46,52,39.0,2.0,0
70,54,51.0,3.0,1
63,62,71.0,6.0,1
55,51,63.0,4.0,1
64,78,59.0,2.0,1
62,48,65.0,3.0,1
56,55,56.0,2.0,1
41,45,41.0,1.0,0
47,44,44.0,1.0,0
61,50,46.0,2.0,1
57,59,72.0,4.0,1
74,69,100.0,3.0,1
69,62,69.0,3.0,1
68,69,66.0,4.0,1
61,60,49.0,3.0,1
63,64,84.0,4.0,1
66,66,77.0,3.0,1
66,69,81.0,4.0,1
63,68,79.0,6.0,1
63,64,76.0,4.0,1
51,44,49.0,4.0,0
57,64,61.0,6.0,1
66,30,78.0,4.0,1
63,50,49.0,3.0,1
76,64,54.0,3.0,1
33,38,39.0,1.0,0
50,45,48.0,2.0,0
53,48,60.0,2.0,0
38,29,37.0,2.0,0
63,60,66.0,3.0,1
54,66,53.0,2.0,1
76,71,78.0,3.0,1
46,45,44.0,2.0,0
61,42,42.0,2.0,0
65,65,47.0,2.0,1
55,47,53.0,2.0,0
61,61,75.0,3.0,1
58,46,44.0,2.0,0
60,61,50.0,1.0,1
66,64,47.0,2.0,1
35,34,37.0,1.0,0
49,44,39.0,1.0,0
69,74,68.0,1.0,1
61,58,47.0,1.0,1
53,54,46.0,2.0,1
57,62,48.0,2.0,1
44,43,38.0,2.0,0
47,50,37.0,1.0,0
52,66,54.0,1.0,1
30,35,31.0,2.0,0
43,59,49.0,2.0,0
39,42,29.0,1.0,0
37,44,45.0,2.0,0
62,63,51.0,3.0,1
57,67,37.0,2.0,0
56,54,45.0,2.0,1
59,63,47.0,2.0,1
67,70,62.0,1.0,1
61,71,51.0,2.0,1
60,51,53.0,3.0,1
62,57,61.0,3.0,1
65,63,54.0,3.0,1
54,60,59.0,3.0,1
58,45,39.0,3.0,1
62,55,58.0,2.0,1
49,39,52.0,2.0,0
53,45,40.0,3.0,0
52,59,57.0,3.0,1
63,58,56.0,3.0,1
59,67,61.0,3.0,1
60,56,45.0,2.0,1
50,36,42.0,2.0,0
58,51,51.0,3.0,1
50,46,54.0,2.0,1
39,55,45.0,1.0,0
38,41,47.0,2.0,0
40,55,38.0,1.0,0
33,34,45.0,2.0,0
39,32,30.0,1.0,0
68,68,56.0,1.0,1
30,36,34.0,2.0,0
36,50,51.0,1.0,0
36,41,37.0,3.0,0
42,38,38.0,2.0,0
40,41,39.0,3.0,0
39,41,38.0,1.0,0
35,29,34.0,4.0,0
39,35,43.0,1.0,0
60,49,45.0,1.0,0
40,46,40.0,1.0,0
45,50,32.0,2.0,0
43,50,50.0,2.0,0
45,47,31.0,3.0,0
57,56,43.0,3.0,1
37,46,39.0,2.0,0
37,32,31.0,2.0,0
51,55,48.0,2.0,0
37,45,37.0,1.0,0
54,21,34.0,3.0,0
53,40,63.0,3.0,0
30,26,35.0,5.0,0
54,52,43.0,1.0,1
58,68,48.0,1.0,1
51,57,37.0,1.0,1
57,46,48.0,1.0,1
48,69,37.0,1.0,1
73,67,68.0,1.0,1
53,56,51.0,1.0,1
53,47,45.0,1.0,0
60,73,58.0,1.0,1
48,54,41.0,2.0,0
60,71,54.0,1.0,1
42,51,49.0,3.0,0
61,37,41.0,3.0,0
47,52,36.0,3.0,0
49,54,28.0,5.0,0
53,48,43.0,3.0,0
62,58,53.0,3.0,1
59,33,34.0,1.0,0
40,38,38.0,2.0,0
53,63,59.0,2.0,1
59,58,34.0,2.0,1
64,59,50.0,3.0,1
43,46,48.0,1.0,0
57,50,37.0,1.0,0
63,33,37.0,3.0,0
54,58,40.0,3.0,1
47,60,47.0,2.0,1
56,47,48.0,3.0,0
57,49,65.0,4.0,1
69,48,49.0,1.0,1
51,48,48.0,1.0,0
44,38,36.0,2.0,0
40,42,35.0,1.0,0
38,33,36.0,1.0,0
56,57,47.0,2.0,1
39,30,36.0,4.0,0
49,43,48.0,2.0,0
54,53,35.0,1.0,1
53,49,40.0,2.0,0
29,33,45.0,1.0,0
55,43,32.0,1.0,0
50,59,41.0,1.0,0
60,49,54.0,1.0,1
39,32,43.0,2.0,0
43,36,49.0,1.0,0
57,61,62.0,2.0,1
28,41,39.0,1.0,0
64,60,60.0,3.0,1
34,31,0.0,1.0,0
44,56,47.0,2.0,0
48,39,53.0,1.0,0
42,26,42.0,1.0,0
64,57,42.0,2.0,1
39,40,30.0,2.0,0
47,51,38.0,1.0,0
61,53,49.0,4.0,1
48,46,46.0,3.0,0
53,40,36.0,1.0,0
62,55,38.0,1.0,1
60,57,41.0,2.0,1
47,43,45.0,1.0,0
55,46,51.0,1.0,1
40,41,35.0,2.0,0
62,52,51.0,4.0,1
39,28,39.0,2.0,0
61,60,48.0,3.0,1
43,37,32.0,1.0,0
74,43,42.0,5.0,1
76,67,68.0,1.0,1
63,70,58.0,2.0,1
58,70,50.0,2.0,1
55,46,46.0,3.0,0
37,51,33.0,2.0,0
55,60,53.0,1.0,1
55,52,48.0,3.0,0
66,65,75.0,3.0,1
54,47,52.0,2.0,0
62,54,44.0,2.0,1
58,61,44.0,1.0,1
49,44,43.0,1.0,0
58,54,55.0,2.0,1
54,49,49.0,2.0,1
57,52,49.0,2.0,0
45,42,42.0,2.0,0
68,61,46.0,2.0,1
58,55,52.0,3.0,1
51,51,46.0,2.0,0
51,48,42.0,2.0,0
50,55,41.0,1.0,0
42,51,34.0,1.0,0
56,58,31.0,1.0,1
52,47,40.0,1.0,0
41,49,36.0,1.0,0
34,33,44.0,1.0,0
47,59,50.0,1.0,0
40,45,41.0,1.0,0
58,55,39.0,1.0,1
56,54,45.0,1.0,1
43,40,32.0,1.0,0
51,52,36.0,2.0,1
39,43,36.0,1.0,0
40,49,41.0,1.0,0
32,42,39.0,3.0,0
40,47,31.0,1.0,0
40,39,44.0,1.0,0
63,48,50.0,1.0,1
66,55,59.0,1.0,1
59,60,49.0,1.0,1
34,23,37.0,4.0,0
53,45,40.0,2.0,0
54,36,43.0,1.0,0
60,42,36.0,2.0,0
56,53,71.0,3.0,1
48,48,51.0,1.0,0
55,54,66.0,4.0,1
51,59,40.0,3.0,1
31,42,42.0,2.0,0
56,60,53.0,2.0,1
62,59,73.0,3.0,1
66,67,61.0,6.0,1
68,33,63.0,3.0,1
60,51,44.0,3.0,1
73,58,47.0,3.0,1
55,46,43.0,3.0,0
45,46,45.0,2.0,0
61,53,52.0,2.0,1
53,51,47.0,3.0,1
71,63,73.0,4.0,1
68,71,56.0,2.0,1
65,57,62.0,3.0,1
48,51,47.0,3.0,0
69,63,47.0,1.0,1
62,63,42.0,2.0,1
55,55,48.0,1.0,1
63,69,68.0,2.0,1
65,62,50.0,1.0,1
52,39,30.0,2.0,0
41,62,49.0,2.0,1
49,51,44.0,2.0,0
52,53,57.0,2.0,1
44,47,34.0,1.0,0
52,41,40.0,2.0,0
47,48,53.0,1.0,1
36,36,36.0,2.0,0
42,49,44.0,1.0,0
32,46,37.0,4.0,0
67,55,50.0,2.0,1
57,53,37.0,2.0,1
50,63,59.0,3.0,1
47,33,51.0,2.0,0
38,44,47.0,4.0,0
53,46,44.0,4.0,0
49,45,37.0,3.0,0
44,42,41.0,2.0,0
38,35,43.0,1.0,0
53,38,54.0,3.0,0
44,50,42.0,2.0,0
46,50,42.0,3.0,0
44,42,41.0,2.0,0
32,37,36.0,4.0,0
70,79,68.0,3.0,1
53,56,43.0,2.0,1
55,49,50.0,3.0,1
58,54,56.0,1.0,1
60,52,53.0,5.0,1
59,45,49.0,2.0,1
50,39,45.0,3.0,0
40,37,33.0,3.0,0
55,55,36.0,1.0,0
45,54,55.0,2.0,1
47,45,42.0,3.0,0
49,38,49.0,3.0,0
52,22,37.0,1.0,0
61,61,52.0,3.0,1
48,36,46.0,2.0,0
54,41,42.0,1.0,0
55,56,56.0,3.0,1
45,41,35.0,1.0,0
57,62,63.0,2.0,1
45,51,43.0,2.0,0
59,54,43.0,1.0,1
50,60,38.0,3.0,1
65,66,65.0,2.0,1
72,57,56.0,2.0,1
53,56,41.0,1.0,1
39,53,51.0,2.0,0
39,44,40.0,2.0,0
43,65,60.0,1.0,1
39,37,34.0,1.0,0
50,39,34.0,1.0,0
48,45,41.0,3.0,0
36,40,34.0,5.0,0
41,39,28.0,2.0,0
43,40,38.0,1.0,0
51,37,52.0,3.0,0
43,40,35.0,1.0,0
53,55,36.0,3.0,0
70,45,66.0,2.0,1
62,56,47.0,2.0,1
53,41,36.0,3.0,0
67,71,61.0,5.0,1
61,50,46.0,2.0,1
52,38,44.0,3.0,0
58,37,43.0,2.0,0
47,42,42.0,1.0,0
34,41,35.0,6.0,0
29,24,37.0,1.0,0
50,56,36.0,3.0,0
62,59,62.0,4.0,1
43,34,34.0,1.0,0
54,52,45.0,1.0,0
54,49,36.0,1.0,0
33,29,32.0,5.0,0
42,41,35.0,2.0,0
50,54,56.0,3.0,1
39,30,46.0,1.0,0
42,35,34.0,1.0,0
57,45,30.0,1.0,0
42,24,35.0,1.0,0
33,27,37.0,2.0,0
34,32,37.0,1.0,0
59,60,36.0,3.0,1
36,38,37.0,1.0,0
53,51,44.0,1.0,1
40,45,38.0,1.0,0
45,42,29.0,1.0,0
47,54,51.0,3.0,1
56,48,34.0,3.0,1
47,50,38.0,2.0,0
43,34,45.0,2.0,0
64,74,64.0,1.0,1
34,29,34.0,1.0,0
62,56,44.0,3.0,1
47,32,32.0,2.0,0
62,65,57.0,3.0,1
50,38,43.0,2.0,0
58,41,52.0,2.0,1
40,46,34.0,5.0,0
55,51,37.0,2.0,1
56,64,33.0,2.0,1
69,66,70.0,2.0,1
60,60,77.0,5.0,1
56,52,53.0,2.0,1
44,57,52.0,5.0,0
43,41,46.0,3.0,0
50,39,40.0,2.0,0
38,34,40.0,3.0,0
43,40,43.0,3.0,0
52,49,47.0,2.0,0
34,34,56.0,1.0,0
44,54,47.0,3.0,0
65,53,56.0,2.0,1
55,45,48.0,2.0,1
61,60,50.0,3.0,1
35,46,42.0,1.0,0
56,45,42.0,1.0,0
47,52,49.0,2.0,0
65,63,46.0,2.0,1
51,45,54.0,3.0,0
63,51,48.0,3.0,1
61,61,41.0,2.0,1
67,55,51.0,2.0,1
54,66,48.0,2.0,1
59,46,43.0,2.0,0
51,47,42.0,2.0,0
49,43,51.0,2.0,0
58,69,62.0,2.0,1
70,65,63.0,2.0,1
52,50,60.0,1.0,1
63,67,44.0,2.0,1
65,59,54.0,2.0,1
65,75,83.0,2.0,1
60,60,52.0,2.0,1
70,68,59.0,2.0,1
74,76,100.0,2.0,1
100,100,80.0,3.0,1
69,54,61.0,2.0,1
72,73,100.0,2.0,1
36,46,48.0,2.0,0
60,59,69.0,2.0,1
67,79,73.0,2.0,1
68,70,68.0,1.0,1
67,74,71.0,2.0,1
76,100,80.0,2.0,1
78,69,75.0,2.0,1
50,37,55.0,4.0,0
59,61,51.0,2.0,1
47,56,43.0,3.0,1
56,54,44.0,1.0,1
42,58,57.0,2.0,1
49,47,56.0,2.0,0
50,49,44.0,2.0,0
41,46,37.0,2.0,0
56,65,58.0,3.0,1
49,43,43.0,2.0,0
59,51,49.0,3.0,1
35,50,37.0,2.0,0
64,58,50.0,2.0,1
53,53,46.0,3.0,0
56,60,56.0,2.0,1
41,71,39.0,3.0,1
57,44,40.0,2.0,0
54,55,37.0,3.0,0
59,51,48.0,3.0,0
52,53,38.0,2.0,0
58,49,45.0,2.0,1
65,59,49.0,2.0,1
57,46,46.0,1.0,1
61,61,39.0,4.0,1
67,57,67.0,2.0,1
36,39,40.0,1.0,0
54,54,41.0,2.0,0
62,57,65.0,1.0,1
59,54,45.0,2.0,1
47,45,42.0,1.0,0
52,37,41.0,1.0,0
49,63,53.0,1.0,1
58,50,50.0,2.0,1
56,49,48.0,3.0,1
100,72,69.0,3.0,1
60,56,52.0,2.0,1
61,54,54.0,3.0,1
44,51,43.0,3.0,0
43,38,39.0,1.0,0
55,54,58.0,2.0,1
51,64,32.0,1.0,0
49,54,36.0,2.0,0
44,36,36.0,5.0,0
35,34,35.0,1.0,0
49,52,42.0,4.0,0
38,35,40.0,2.0,0
39,34,50.0,6.0,0
41,29,34.0,2.0,0
55,47,39.0,3.0,0
54,54,51.0,3.0,1
67,60,42.0,4.0,1
45,39,42.0,3.0,0
38,47,36.0,2.0,0
40,35,29.0,2.0,0
48,39,41.0,1.0,0
40,35,37.0,1.0,0
50,42,42.0,2.0,0
42,40,37.0,1.0,0
45,46,46.0,1.0,0
46,43,37.0,1.0,0
53,44,46.0,2.0,0
55,48,42.0,2.0,0
50,53,39.0,3.0,0
50,40,38.0,2.0,0
57,45,43.0,3.0,0
59,57,44.0,3.0,1
45,53,50.0,2.0,1
48,53,50.0,3.0,0
57,56,51.0,4.0,1
61,62,53.0,2.0,1
63,52,54.0,2.0,1
49,49,51.0,2.0,0
60,58,52.0,1.0,1
52,53,37.0,1.0,0
55,59,51.0,2.0,1
47,58,44.0,2.0,1
56,62,47.0,1.0,1
69,58,43.0,2.0,1
56,66,42.0,2.0,1
38,39,43.0,1.0,0
66,72,45.0,1.0,1
61,54,45.0,1.0,0
55,57,60.0,4.0,1
60,56,38.0,2.0,1
39,44,34.0,2.0,0
57,53,48.0,1.0,1
52,60,37.0,2.0,1
48,50,44.0,4.0,0
47,29,36.0,1.0,0
30,32,41.0,1.0,0
56,45,34.0,4.0,0
53,62,44.0,2.0,1
40,41,51.0,1.0,0
43,46,39.0,2.0,0
58,65,54.0,3.0,1
44,47,35.0,3.0,0
45,50,39.0,1.0,0
28,40,34.0,1.0,0
60,44,35.0,1.0,0
55,57,43.0,1.0,0
68,63,65.0,2.0,1
60,58,52.0,4.0,1
69,63,72.0,1.0,1
46,41,39.0,2.0,0
52,54,38.0,1.0,0
39,46,48.0,3.0,0
53,55,47.0,4.0,1
37,23,36.0,3.0,0
62,61,75.0,3.0,1
70,76,80.0,5.0,1
57,46,44.0,1.0,0
43,43,45.0,1.0,0
34,35,36.0,3.0,0
61,53,67.0,3.0,1
71,73,77.0,4.0,1
62,62,67.0,3.0,1
59,64,51.0,2.0,1
54,43,49.0,1.0,0
68,59,48.0,2.0,1
62,51,55.0,3.0,1
58,56,42.0,3.0,1
66,67,60.0,4.0,1
58,45,55.0,3.0,0
73,65,60.0,3.0,1
46,49,37.0,3.0,0
60,50,65.0,2.0,1
64,61,58.0,2.0,1
56,61,55.0,1.0,1
53,61,48.0,2.0,1
42,39,40.0,3.0,0
53,48,36.0,2.0,0
53,68,50.0,3.0,1
60,54,63.0,1.0,1
40,51,44.0,3.0,0
59,62,69.0,3.0,1
50,51,46.0,2.0,0
43,46,54.0,2.0,1
49,51,38.0,2.0,0
60,53,52.0,2.0,1
37,41,45.0,1.0,0
62,53,51.0,2.0,1
54,42,38.0,1.0,0
56,63,38.0,1.0,1
49,50,43.0,1.0,0
45,39,40.0,3.0,0
40,37,38.0,1.0,0
43,38,46.0,1.0,0
46,30,30.0,2.0,0
49,58,39.0,1.0,0
53,56,49.0,1.0,1
59,70,45.0,1.0,1
57,55,51.0,2.0,1
43,27,54.0,1.0,0
37,31,30.0,2.0,0
49,46,49.0,1.0,0
56,55,62.0,2.0,1
37,35,35.0,1.0,0
44,42,37.0,1.0,0
58,59,63.0,1.0,1
50,45,40.0,1.0,0
33,29,39.0,1.0,0
40,47,53.0,2.0,0
56,59,47.0,1.0,1
53,46,48.0,2.0,0
46,28,39.0,1.0,0
45,57,34.0,3.0,0
50,51,43.0,2.0,0
52,44,47.0,3.0,0
47,43,38.0,2.0,0
53,60,50.0,1.0,1
50,33,44.0,2.0,0
60,44,36.0,1.0,1
44,40,37.0,1.0,0
51,31,40.0,1.0,0
46,43,36.0,1.0,0
44,37,46.0,1.0,0
54,43,40.0,1.0,0
43,33,36.0,2.0,0
47,58,47.0,3.0,1
34,29,43.0,1.0,0
35,37,30.0,5.0,0
44,36,38.0,1.0,0
50,54,47.0,2.0,0
65,63,53.0,3.0,1
67,51,41.0,2.0,1
53,51,44.0,2.0,0
49,54,56.0,3.0,1
45,35,39.0,3.0,0
62,51,69.0,3.0,1
39,27,34.0,3.0,0
52,41,49.0,2.0,0
58,63,51.0,3.0,1
63,68,51.0,2.0,1
55,44,40.0,2.0,0
59,66,66.0,2.0,1
53,49,47.0,4.0,0
47,28,36.0,2.0,0
53,49,48.0,2.0,0
42,43,43.0,2.0,0
55,64,49.0,2.0,1
44,50,38.0,3.0,0
56,54,38.0,2.0,1
46,36,51.0,1.0,0
41,48,41.0,2.0,0
46,42,43.0,2.0,0
52,45,46.0,2.0,0
52,47,59.0,2.0,0
32,61,42.0,3.0,0
58,56,52.0,2.0,1
41,50,41.0,2.0,0
55,55,52.0,2.0,1
45,33,38.0,2.0,0
49,47,48.0,3.0,0
62,60,50.0,2.0,1
59,50,48.0,2.0,1
53,53,43.0,2.0,0
56,49,67.0,2.0,1
55,44,45.0,2.0,0
61,58,63.0,2.0,1
64,49,48.0,2.0,0
57,55,47.0,1.0,1
61,68,63.0,3.0,1
36,49,47.0,2.0,0
61,54,35.0,2.0,1
63,63,59.0,2.0,1
59,68,70.0,1.0,1
74,76,78.0,2.0,1
48,30,38.0,2.0,0
38,46,33.0,2.0,0
40,42,41.0,1.0,0
42,53,41.0,2.0,0
47,54,54.0,2.0,1
42,34,45.0,1.0,0
37,52,43.0,2.0,0
48,41,42.0,2.0,0
43,35,55.0,1.0,0
64,61,49.0,2.0,1
54,54,41.0,2.0,1
48,39,46.0,3.0,0
50,36,51.0,3.0,0
43,39,37.0,3.0,0
50,51,41.0,2.0,0
55,62,64.0,2.0,1
61,46,31.0,2.0,1
61,49,56.0,3.0,1
48,38,41.0,3.0,0
59,44,53.0,3.0,1
57,43,57.0,3.0,1
60,61,60.0,3.0,1
51,50,35.0,3.0,0
59,58,59.0,3.0,1
52,46,51.0,3.0,0
53,47,51.0,3.0,0
56,61,44.0,3.0,1
55,52,57.0,3.0,0
67,51,51.0,2.0,1
64,66,44.0,2.0,1
69,63,56.0,1.0,1
61,52,60.0,3.0,1
63,52,48.0,2.0,1
68,60,71.0,3.0,1
48,40,41.0,2.0,0
33,36,34.0,1.0,0
48,39,44.0,1.0,0
59,46,35.0,1.0,1
49,43,32.0,1.0,0
25,28,40.0,1.0,0
44,40,37.0,2.0,0
44,40,43.0,1.0,0
34,37,38.0,1.0,0
50,47,37.0,3.0,0
39,38,49.0,1.0,0
62,55,46.0,2.0,1
54,65,48.0,2.0,1
61,57,51.0,2.0,1
31,34,45.0,4.0,0
41,28,41.0,3.0,0
38,38,46.0,2.0,0
42,54,29.0,1.0,0
36,40,43.0,2.0,0
41,43,31.0,1.0,0
40,42,35.0,2.0,0
60,60,47.0,1.0,1
54,58,44.0,2.0,1
54,62,41.0,2.0,1
44,55,41.0,2.0,0
45,53,43.0,2.0,0
49,66,53.0,2.0,1
54,51,44.0,1.0,0
55,61,47.0,1.0,1
46,39,44.0,1.0,0
44,42,47.0,2.0,0
59,52,44.0,2.0,1
31,35,36.0,1.0,0
40,46,40.0,3.0,0
41,41,48.0,2.0,0
35,26,46.0,2.0,0
62,78,78.0,4.0,1
58,57,60.0,3.0,1
47,51,40.0,2.0,0
50,52,42.0,3.0,0
65,65,77.0,2.0,1
38,44,46.0,3.0,0
49,58,53.0,3.0,1
48,46,47.0,3.0,0
63,52,63.0,3.0,1
57,61,40.0,2.0,1
55,56,45.0,3.0,1
62,60,43.0,2.0,1
54,54,42.0,2.0,1
40,40,37.0,1.0,0
44,46,46.0,2.0,0
34,34,45.0,2.0,0
43,51,43.0,2.0,0
58,54,39.0,1.0,1
41,49,49.0,2.0,0
46,45,34.0,1.0,0
45,51,45.0,1.0,0
61,53,47.0,2.0,1
35,35,28.0,3.0,0
41,34,35.0,1.0,0
65,57,69.0,2.0,1
54,53,55.0,2.0,1
60,48,54.0,3.0,1
66,59,47.0,2.0,1
48,48,38.0,2.0,0
38,43,45.0,2.0,0
66,69,55.0,2.0,1
56,68,48.0,2.0,1
43,48,43.0,2.0,0
30,37,30.0,2.0,0
68,67,46.0,3.0,1
48,49,39.0,2.0,0
52,44,47.0,1.0,0
43,35,38.0,4.0,0
31,35,35.0,2.0,0
44,46,51.0,3.0,0
60,65,42.0,1.0,1
43,52,48.0,1.0,0
58,58,36.0,1.0,1
37,50,50.0,2.0,0
50,39,49.0,1.0,0
55,45,50.0,1.0,0
39,43,33.0,4.0,0
50,60,52.0,2.0,1
55,53,32.0,2.0,1
55,41,47.0,2.0,0
49,49,44.0,2.0,0
45,47,53.0,2.0,0
59,49,46.0,1.0,1
56,51,44.0,2.0,1
50,42,33.0,4.0,0
56,58,55.0,2.0,1
52,44,32.0,1.0,0
49,34,36.0,3.0,0
58,63,47.0,2.0,1
60,58,41.0,1.0,1
58,48,46.0,2.0,1
57,55,71.0,2.0,1
65,49,50.0,2.0,1
44,54,42.0,3.0,0
42,30,45.0,4.0,0
46,36,34.0,3.0,0
41,47,39.0,3.0,0
66,64,49.0,3.0,1
41,32,34.0,1.0,0
66,68,78.0,3.0,1
70,56,66.0,4.0,1
44,48,46.0,4.0,0
61,56,51.0,2.0,1
53,54,65.0,2.0,1
51,59,69.0,1.0,1
50,36,31.0,1.0,0
49,45,40.0,1.0,0
65,73,50.0,3.0,1
58,43,46.0,2.0,0
55,41,39.0,1.0,0
53,53,47.0,2.0,1
60,53,59.0,3.0,1
48,49,43.0,2.0,0
58,59,43.0,2.0,1
58,66,42.0,2.0,1
53,56,53.0,3.0,1
59,59,60.0,3.0,1
44,36,40.0,2.0,0
64,64,58.0,3.0,1
53,47,38.0,1.0,0
55,48,45.0,3.0,0
59,57,49.0,2.0,1
45,47,44.0,4.0,0
38,33,36.0,2.0,0
50,48,45.0,3.0,0
45,57,47.0,4.0,0
54,59,65.0,4.0,1
62,54,64.0,4.0,1
57,22,49.0,4.0,0
59,66,73.0,5.0,1
55,60,53.0,4.0,1
61,61,66.0,4.0,1
45,36,32.0,4.0,0
35,27,39.0,2.0,0
43,33,33.0,2.0,0
35,30,37.0,2.0,0
46,45,35.0,3.0,0
56,46,30.0,2.0,0
54,56,47.0,2.0,0
50,45,45.0,2.0,0
36,41,46.0,2.0,0
42,52,41.0,2.0,0
52,48,55.0,2.0,0
59,46,51.0,1.0,1
44,45,50.0,1.0,0
44,40,49.0,2.0,0
55,59,53.0,3.0,1
53,48,41.0,1.0,0
58,51,39.0,2.0,1
59,53,48.0,1.0,1
65,64,65.0,1.0,1
46,40,48.0,3.0,0
48,46,56.0,1.0,0
51,57,39.0,1.0,0
44,38,38.0,2.0,0
75,59,56.0,1.0,1
56,69,66.0,1.0,1
56,40,45.0,1.0,0
49,51,47.0,2.0,0
59,40,39.0,2.0,1
54,37,42.0,1.0,0
57,53,50.0,1.0,1
38,39,39.0,2.0,0
50,46,39.0,2.0,0
50,59,38.0,2.0,1
59,60,58.0,1.0,1
47,44,42.0,3.0,0
55,46,45.0,2.0,1
